id,content,character,love,joy,fright,anger,fear,sorrow
1171_0001_A_1,[CLS] 天空下着暴雨，o2正在给c1穿雨衣，他自己却只穿着单薄的军装，完全暴露在大雨之中。o2一手拿着一个行李，一路小跑着把c1带到了文工团门口。o2停下来接过c1手里的行李：你妈妈交待我了，等领了军装一定要照张相寄回去，让街坊邻居都知道你当兵了。o2凑近c1小声：办入伍证审的时候，派出所的民警跟我说，你的亲生父亲还在劳改，但是你跟他划清了界限，改姓了你继父的姓，所以出身这一栏，我就给你填革干了，进了团不要跟别人说这件事，我也不会说的。，目标角色是 o2,o2,0,0,0,0,0,0
1171_0001_A_2,[CLS] 天空下着暴雨，o2正在给c1穿雨衣，他自己却只穿着单薄的军装，完全暴露在大雨之中。o2一手拿着一个行李，一路小跑着把c1带到了文工团门口。o2停下来接过c1手里的行李：你妈妈交待我了，等领了军装一定要照张相寄回去，让街坊邻居都知道你当兵了。c1开心地点了点头。o2凑近c1小声：办入伍证审的时候，派出所的民警跟我说，你的亲生父亲还在劳改，但是你跟他划清了界限，改姓了你继父的姓，所以出身这一栏，我就给你填革干了，进了团不要跟别人说这件事，我也不会说的。，目标角色是 c1,c1,0,0,0,0,0,0
1171_0001_A_3,[CLS] 天空下着暴雨，o2正在给c1穿雨衣，他自己却只穿着单薄的军装，完全暴露在大雨之中。o2一手拿着一个行李，一路小跑着把c1带到了文工团门口。o2停下来接过c1手里的行李：你妈妈交待我了，等领了军装一定要照张相寄回去，让街坊邻居都知道你当兵了。o2凑近c1小声：办入伍证审的时候，派出所的民警跟我说，你的亲生父亲还在劳改，但是你跟他划清了界限，改姓了你继父的姓，所以出身这一栏，我就给你填革干了，进了团不要跟别人说这件事，我也不会说的。，目标角色是 o2,o2,0,0,0,0,0,0
1171_0001_A_4,[CLS] 天空下着暴雨，o2正在给c1穿雨衣，他自己却只穿着单薄的军装，完全暴露在大雨之中。o2一手拿着一个行李，一路小跑着把c1带到了文工团门口。o2停下来接过c1手里的行李：你妈妈交待我了，等领了军装一定要照张相寄回去，让街坊邻居都知道你当兵了。c1开心地点了点头。o2凑近c1小声：办入伍证审的时候，派出所的民警跟我说，你的亲生父亲还在劳改，但是你跟他划清了界限，改姓了你继父的姓，所以出身这一栏，我就给你填革干了，进了团不要跟别人说这件事，我也不会说的。，目标角色是 c1,c1,0,0,0,0,0,0
1171_0001_A_5,[CLS] 天空下着暴雨，o2正在给c1穿雨衣，他自己却只穿着单薄的军装，完全暴露在大雨之中。o2一手拿着一个行李，一路小跑着把c1带到了文工团门口。o2停下来接过c1手里的行李：你妈妈交待我了，等领了军装一定要照张相寄回去，让街坊邻居都知道你当兵了。o2凑近c1小声：办入伍证审的时候，派出所的民警跟我说，你的亲生父亲还在劳改，但是你跟他划清了界限，改姓了你继父的姓，所以出身这一栏，我就给你填革干了，进了团不要跟别人说这件事，我也不会说的。o2笑了笑：军礼不是这么敬的。五指并拢，大臂带动小臂，举到齐眉。，目标角色是 o2,o2,0,0,0,0,0,0
1171_0001_A_6,[CLS] 天空下着暴雨，o2正在给c1穿雨衣，他自己却只穿着单薄的军装，完全暴露在大雨之中。o2一手拿着一个行李，一路小跑着把c1带到了文工团门口。o2停下来接过c1手里的行李：你妈妈交待我了，等领了军装一定要照张相寄回去，让街坊邻居都知道你当兵了。c1开心地点了点头。o2凑近c1小声：办入伍证审的时候，派出所的民警跟我说，你的亲生父亲还在劳改，但是你跟他划清了界限，改姓了你继父的姓，所以出身这一栏，我就给你填革干了，进了团不要跟别人说这件事，我也不会说的。c1再次微笑着点头，然后举手敬礼，但是手的形状却是弯的。，目标角色是 c1,c1,0,0,0,0,0,0
1171_0001_A_7,[CLS] 天空下着暴雨，o2正在给c1穿雨衣，他自己却只穿着单薄的军装，完全暴露在大雨之中。o2一手拿着一个行李，一路小跑着把c1带到了文工团门口。o2停下来接过c1手里的行李：你妈妈交待我了，等领了军装一定要照张相寄回去，让街坊邻居都知道你当兵了。c1开心地点了点头。o2凑近c1小声：办入伍证审的时候，派出所的民警跟我说，你的亲生父亲还在劳改，但是你跟他划清了界限，改姓了你继父的姓，所以出身这一栏，我就给你填革干了，进了团不要跟别人说这件事，我也不会说的。c1再次微笑着点头，然后举手敬礼，但是手的形状却是弯的，目标角色是 c1,c1,0,1,0,0,0,0
1171_0001_A_8,[CLS] o2停下来接过c1手里的行李：你妈妈交待我了，等领了军装一定要照张相寄回去，让街坊邻居都知道你当兵了。o2凑近c1小声：办入伍证审的时候，派出所的民警跟我说，你的亲生父亲还在劳改，但是你跟他划清了界限，改姓了你继父的姓，所以出身这一栏，我就给你填革干了，进了团不要跟别人说这件事，我也不会说的。o2笑了笑：军礼不是这么敬的。五指并拢，大臂带动小臂，举到齐眉。o2示范了一个动作，c1照做。o2：礼毕。（再次举手敬礼）敬礼。b1画外音：我叫b1，上个世纪七十年代，我在祖国大西南的一个省军区的文工团里服役，目标角色是 o2,o2,0,0,0,0,0,0
1171_0001_A_9,[CLS] o2停下来接过c1手里的行李：你妈妈交待我了，等领了军装一定要照张相寄回去，让街坊邻居都知道你当兵了。c1开心地点了点头。o2凑近c1小声：办入伍证审的时候，派出所的民警跟我说，你的亲生父亲还在劳改，但是你跟他划清了界限，改姓了你继父的姓，所以出身这一栏，我就给你填革干了，进了团不要跟别人说这件事，我也不会说的。c1再次微笑着点头，然后举手敬礼，但是手的形状却是弯的。o2示范了一个动作，c1照做。c1照做。b1画外音：我叫b1，上个世纪七十年代，我在祖国大西南的一个省军区的文工团里服役，我是一名舞蹈演员，目标角色是 c1,c1,0,0,0,0,0,0
1171_0001_A_10,[CLS] c1开心地点了点头。o2凑近c1小声：办入伍证审的时候，派出所的民警跟我说，你的亲生父亲还在劳改，但是你跟他划清了界限，改姓了你继父的姓，所以出身这一栏，我就给你填革干了，进了团不要跟别人说这件事，我也不会说的。c1再次微笑着点头，然后举手敬礼，但是手的形状却是弯的。o2示范了一个动作，c1照做。c1照做。b1画外音：我叫b1，上个世纪七十年代，我在祖国大西南的一个省军区的文工团里服役，我是一名舞蹈演员，团里的人都叫我小p2。我要给你们讲的是我们文工团的故事，但在这个故事里，我不是主角。主角应该是他们俩，目标角色是 c1,c1,0,1,0,0,0,0
1171_0001_A_11,[CLS] o2凑近c1小声：办入伍证审的时候，派出所的民警跟我说，你的亲生父亲还在劳改，但是你跟他划清了界限，改姓了你继父的姓，所以出身这一栏，我就给你填革干了，进了团不要跟别人说这件事，我也不会说的。o2笑了笑：军礼不是这么敬的。五指并拢，大臂带动小臂，举到齐眉。o2示范了一个动作，c1照做。o2：礼毕。（再次举手敬礼）敬礼。b1画外音：我叫b1，上个世纪七十年代，我在祖国大西南的一个省军区的文工团里服役，我是一名舞蹈演员，团里的人都叫我小p2。我要给你们讲的是我们文工团的故事，但在这个故事里，我不是主角，目标角色是 o2,o2,0,1,0,0,0,0
1171_0001_A_12,[CLS] o2凑近c1小声：办入伍证审的时候，派出所的民警跟我说，你的亲生父亲还在劳改，但是你跟他划清了界限，改姓了你继父的姓，所以出身这一栏，我就给你填革干了，进了团不要跟别人说这件事，我也不会说的。o2笑了笑：军礼不是这么敬的。五指并拢，大臂带动小臂，举到齐眉。o2示范了一个动作，c1照做。o2：礼毕。（再次举手敬礼）敬礼。b1画外音：我叫b1，上个世纪七十年代，我在祖国大西南的一个省军区的文工团里服役，我是一名舞蹈演员，团里的人都叫我小p2。我要给你们讲的是我们文工团的故事，但在这个故事里，我不是主角，目标角色是 o2,o2,0,0,0,0,0,0
1171_0001_A_13,[CLS] o2凑近c1小声：办入伍证审的时候，派出所的民警跟我说，你的亲生父亲还在劳改，但是你跟他划清了界限，改姓了你继父的姓，所以出身这一栏，我就给你填革干了，进了团不要跟别人说这件事，我也不会说的。c1再次微笑着点头，然后举手敬礼，但是手的形状却是弯的。o2示范了一个动作，c1照做。c1照做。b1画外音：我叫b1，上个世纪七十年代，我在祖国大西南的一个省军区的文工团里服役，我是一名舞蹈演员，团里的人都叫我小p2。我要给你们讲的是我们文工团的故事，但在这个故事里，我不是主角。主角应该是他们俩，他叫o2，目标角色是 c1,c1,0,0,0,0,0,0
1171_0001_A_14,[CLS] o2凑近c1小声：办入伍证审的时候，派出所的民警跟我说，你的亲生父亲还在劳改，但是你跟他划清了界限，改姓了你继父的姓，所以出身这一栏，我就给你填革干了，进了团不要跟别人说这件事，我也不会说的。o2笑了笑：军礼不是这么敬的。五指并拢，大臂带动小臂，举到齐眉。o2示范了一个动作，c1照做。o2：礼毕。（再次举手敬礼）敬礼。b1画外音：我叫b1，上个世纪七十年代，我在祖国大西南的一个省军区的文工团里服役，我是一名舞蹈演员，团里的人都叫我小p2。我要给你们讲的是我们文工团的故事，但在这个故事里，我不是主角，目标角色是 o2,o2,0,0,0,0,0,0
1171_0001_A_15,[CLS] o2凑近c1小声：办入伍证审的时候，派出所的民警跟我说，你的亲生父亲还在劳改，但是你跟他划清了界限，改姓了你继父的姓，所以出身这一栏，我就给你填革干了，进了团不要跟别人说这件事，我也不会说的。c1再次微笑着点头，然后举手敬礼，但是手的形状却是弯的。o2示范了一个动作，c1照做。c1照做。b1画外音：我叫b1，上个世纪七十年代，我在祖国大西南的一个省军区的文工团里服役，我是一名舞蹈演员，团里的人都叫我小p2。我要给你们讲的是我们文工团的故事，但在这个故事里，我不是主角。主角应该是他们俩，他叫o2，目标角色是 c1,c1,0,0,0,0,0,0
1171_0001_A_16,[CLS] b1画外音：我叫b1，上个世纪七十年代，我在祖国大西南的一个省军区的文工团里服役，我是一名舞蹈演员，团里的人都叫我小p2。我要给你们讲的是我们文工团的故事，但在这个故事里，我不是主角。主角应该是他们俩，他叫o2，那时我们歌颂默默无闻的英雄，歌颂平凡中的伟大，就是歌颂o2这种人，穿雨衣的那个女孩儿，她叫c1，是我们舞蹈队托o2接来的新兵，她和o2几十年后的结局还要追溯到o2带她走进文工团的这一天。b1领着其他女舞蹈演员开始跳舞，乐队的伴奏也随之响起。另一边，一个叫u2的号子手还在练习着，b1还在压腿，目标角色是 b1,b1,0,0,0,0,0,0
1171_0002_A_19,[CLS] b1画外音：我叫b1，上个世纪七十年代，我在祖国大西南的一个省军区的文工团里服役，我是一名舞蹈演员，团里的人都叫我小p2。我要给你们讲的是我们文工团的故事，但在这个故事里，我不是主角。主角应该是他们俩，他叫o2，那时我们歌颂默默无闻的英雄，歌颂平凡中的伟大，就是歌颂o2这种人，穿雨衣的那个女孩儿，她叫c1，是我们舞蹈队托o2接来的新兵，她和o2几十年后的结局还要追溯到o2带她走进文工团的这一天。o2帮忙拿着行李领着c1在和门口站岗的哨兵敬礼后走进了文工团。女演员跳舞的时候，分h3一直在旁边批评着，目标角色是 o2,o2,0,0,0,0,0,0
1171_0002_A_20,[CLS] b1画外音：我叫b1，上个世纪七十年代，我在祖国大西南的一个省军区的文工团里服役，我是一名舞蹈演员，团里的人都叫我小p2。我要给你们讲的是我们文工团的故事，但在这个故事里，我不是主角。主角应该是他们俩，他叫o2，那时我们歌颂默默无闻的英雄，歌颂平凡中的伟大，就是歌颂o2这种人，穿雨衣的那个女孩儿，她叫c1，是我们舞蹈队托o2接来的新兵，她和o2几十年后的结局还要追溯到o2带她走进文工团的这一天。o2帮忙拿着行李领着c1在和门口站岗的哨兵敬礼后走进了文工团。c1四处张望，显然对这一切充满了好奇和胆怯，目标角色是 c1,c1,0,0,0,0,0,0
1171_0002_A_21,[CLS] b1画外音：我叫b1，上个世纪七十年代，我在祖国大西南的一个省军区的文工团里服役，我是一名舞蹈演员，团里的人都叫我小p2。我要给你们讲的是我们文工团的故事，但在这个故事里，我不是主角。主角应该是他们俩，他叫o2，那时我们歌颂默默无闻的英雄，歌颂平凡中的伟大，就是歌颂o2这种人，穿雨衣的那个女孩儿，她叫c1，是我们舞蹈队托o2接来的新兵，她和o2几十年后的结局还要追溯到o2带她走进文工团的这一天。o2帮忙拿着行李领着c1在和门口站岗的哨兵敬礼后走进了文工团。c1四处张望，显然对这一切充满了好奇和胆怯，目标角色是 c1,c1,0,0,0,0,1,0
1171_0003_A_23,[CLS] b1画外音：我叫b1，上个世纪七十年代，我在祖国大西南的一个省军区的文工团里服役，我是一名舞蹈演员，团里的人都叫我小p2。我要给你们讲的是我们文工团的故事，但在这个故事里，我不是主角。主角应该是他们俩，他叫o2，那时我们歌颂默默无闻的英雄，歌颂平凡中的伟大，就是歌颂o2这种人，穿雨衣的那个女孩儿，她叫c1，是我们舞蹈队托o2接来的新兵，她和o2几十年后的结局还要追溯到o2带她走进文工团的这一天。b1领着其他女舞蹈演员开始跳舞，乐队的伴奏也随之响起。另一边，一个叫u2的号子手还在练习着，b1还在压腿，目标角色是 b1,b1,0,0,0,0,0,0
1171_0003_A_24,[CLS] b1画外音：我叫b1，上个世纪七十年代，我在祖国大西南的一个省军区的文工团里服役，我是一名舞蹈演员，团里的人都叫我小p2。我要给你们讲的是我们文工团的故事，但在这个故事里，我不是主角。主角应该是他们俩，他叫o2，那时我们歌颂默默无闻的英雄，歌颂平凡中的伟大，就是歌颂o2这种人，穿雨衣的那个女孩儿，她叫c1，是我们舞蹈队托o2接来的新兵，她和o2几十年后的结局还要追溯到o2带她走进文工团的这一天。o2帮忙拿着行李领着c1在和门口站岗的哨兵敬礼后走进了文工团。女演员跳舞的时候，分h3一直在旁边批评着，目标角色是 o2,o2,0,0,0,0,0,0
1171_0003_A_25,[CLS] b1画外音：我叫b1，上个世纪七十年代，我在祖国大西南的一个省军区的文工团里服役，我是一名舞蹈演员，团里的人都叫我小p2。我要给你们讲的是我们文工团的故事，但在这个故事里，我不是主角。主角应该是他们俩，他叫o2，那时我们歌颂默默无闻的英雄，歌颂平凡中的伟大，就是歌颂o2这种人，穿雨衣的那个女孩儿，她叫c1，是我们舞蹈队托o2接来的新兵，她和o2几十年后的结局还要追溯到o2带她走进文工团的这一天。o2帮忙拿着行李领着c1在和门口站岗的哨兵敬礼后走进了文工团。c1四处张望，显然对这一切充满了好奇和胆怯，目标角色是 c1,c1,0,0,0,0,0,0
1171_0003_A_26,[CLS] 女演员跳舞的时候，分h3一直在旁边批评着，排练的时候，o2领着c1走了进来。分h3：好，女演员休息，男演员准备《行军路上》，十分钟以后开始排练。分h3走到乐队指挥面前：老廖，你们乐队成心啊，是真不知道心疼这帮姑娘啊。分h3：还跟赶集似的，快把他们累死了。另一边，分h3走到c1面前：c1，欢迎你入伍，来，跟大家伙认识认识。另一边，分h3走到c1面前：c1，欢迎你入伍，来，跟大家伙认识认识。，目标角色是 h3,h3,0,0,0,1,0,0
1171_0003_A_29,[CLS] 女演员跳舞的时候，分h3一直在旁边批评着，排练的时候，o2领着c1走了进来。分h3：好，女演员休息，男演员准备《行军路上》，十分钟以后开始排练。分h3走到乐队指挥面前：老廖，你们乐队成心啊，是真不知道心疼这帮姑娘啊。分h3：还跟赶集似的，快把他们累死了。另一边，分h3走到c1面前：c1，欢迎你入伍，来，跟大家伙认识认识。另一边，分h3走到c1面前：c1，欢迎你入伍，来，跟大家伙认识认识。分h3吹了一下口哨，其他人都停了下来。，目标角色是 h3,h3,0,0,0,0,0,0
1171_0003_A_32,[CLS] 女演员跳舞的时候，分h3一直在旁边批评着，排练的时候，o2领着c1走了进来。分h3：好，女演员休息，男演员准备《行军路上》，十分钟以后开始排练。分h3走到乐队指挥面前：老廖，你们乐队成心啊，是真不知道心疼这帮姑娘啊。分h3：还跟赶集似的，快把他们累死了。另一边，分h3走到c1面前：c1，欢迎你入伍，来，跟大家伙认识认识。另一边，分h3走到c1面前：c1，欢迎你入伍，来，跟大家伙认识认识。分h3吹了一下口哨，其他人都停了下来。分h3：我给大家伙介绍一位新同志，她叫c1，是舞蹈队托o2从北京接来的新兵，目标角色是 h3,h3,0,0,0,0,0,0
1171_0003_A_35,[CLS] 女演员跳舞的时候，分h3一直在旁边批评着，排练的时候，o2领着c1走了进来。分h3：好，女演员休息，男演员准备《行军路上》，十分钟以后开始排练。分h3走到乐队指挥面前：老廖，你们乐队成心啊，是真不知道心疼这帮姑娘啊。分h3：还跟赶集似的，快把他们累死了。另一边，分h3走到c1面前：c1，欢迎你入伍，来，跟大家伙认识认识。另一边，分h3走到c1面前：c1，欢迎你入伍，来，跟大家伙认识认识。分h3吹了一下口哨，其他人都停了下来。分h3：我给大家伙介绍一位新同志，她叫c1，是舞蹈队托o2从北京接来的新兵，目标角色是 h3,h3,0,0,0,0,0,0
1171_0003_A_37,[CLS] b1画外音：我叫b1，上个世纪七十年代，我在祖国大西南的一个省军区的文工团里服役，我是一名舞蹈演员，团里的人都叫我小p2。我要给你们讲的是我们文工团的故事，但在这个故事里，我不是主角。主角应该是他们俩，他叫o2，那时我们歌颂默默无闻的英雄，歌颂平凡中的伟大，就是歌颂o2这种人，穿雨衣的那个女孩儿，她叫c1，是我们舞蹈队托o2接来的新兵，她和o2几十年后的结局还要追溯到o2带她走进文工团的这一天。o2帮忙拿着行李领着c1在和门口站岗的哨兵敬礼后走进了文工团。女演员跳舞的时候，分h3一直在旁边批评着，目标角色是 o2,o2,0,0,0,0,0,0
1171_0003_A_38,[CLS] d1看到o2拎着行李进来，往他那边走：哟，o2回来了，欢迎我们全军的学雷锋标兵凯旋归来啊！d1走过来发现了b1：看什么呢？d1：有什么好看的啊！我怎么不觉得呢！配不上你。c1原地平转，d1走到o2面前把衣服往他鼻子面前一放，自己笑了笑。d1接过c1的衣服闻了闻，瞬间露出了嫌弃的表情。c1原地平转，d1走到o2面前把衣服往他鼻子面前一放，自己笑了笑。，目标角色是 d1,d1,0,1,0,0,0,0
1171_0003_A_39,[CLS] o2帮忙拿着行李领着c1在和门口站岗的哨兵敬礼后走进了文工团。女演员跳舞的时候，分h3一直在旁边批评着，排练的时候，o2领着c1走了进来。d1看到o2拎着行李进来，往他那边走：哟，o2回来了，欢迎我们全军的学雷锋标兵凯旋归来啊！f1走过去和o2握手：欢迎你凯旋归来。o2：你好。o2开始招呼大家。c1原地平转，d1走到o2面前把衣服往他鼻子面前一放，自己笑了笑。分h3：我给大家伙介绍一位新同志，她叫c1，是舞蹈队托o2从北京接来的新兵。（看向c1）q2，做几个动作，给大家亮一手。o2走过来：分h3，目标角色是 o2,o2,0,0,0,0,0,0
1171_0003_A_40,[CLS] f1走过去和o2握手：欢迎你凯旋归来。f1指了指d1上面：d1上面。f1抱怨：又吃饺子啊！d1拉起f1：走走走，你别又想躲，我就爱吃饺子，我跟你说，这部队就是我们北方人的天下。（走到门口又回头，指了指c1）哎，p2，带她也去洗洗，好好搓搓啊，至少三遍，身上馊得跟从泔水里捞出来似的。b1：我给你介绍一下。（看着坐在钢琴前的女孩儿）这是f1，是咱们团的独唱演员。，目标角色是 f1,f1,0,0,0,0,0,0
1171_0003_A_41,[CLS] o2帮忙拿着行李领着c1在和门口站岗的哨兵敬礼后走进了文工团。女演员跳舞的时候，分h3一直在旁边批评着，排练的时候，o2领着c1走了进来。d1看到o2拎着行李进来，往他那边走：哟，o2回来了，欢迎我们全军的学雷锋标兵凯旋归来啊！f1走过去和o2握手：欢迎你凯旋归来。o2：你好。o2开始招呼大家。c1原地平转，d1走到o2面前把衣服往他鼻子面前一放，自己笑了笑。分h3：我给大家伙介绍一位新同志，她叫c1，是舞蹈队托o2从北京接来的新兵。（看向c1）q2，做几个动作，给大家亮一手。o2走过来：分h3，目标角色是 o2,o2,0,0,0,0,0,0
1171_0003_A_42,[CLS] x2也过来和他握手：你们开会的照片登报了。（大声对其他人）我这只手可不能洗了，和活雷锋握过了。b1看向旁白捂着肚子作痛的x2：怎么了？x2：肚子疼。x2点头。x2：整天学雷锋，不会谁给你悄悄洗了吧！f1：难道我产生幻觉了？不对啊，x2也可以作证啊，刚才肯定没在这儿。（敲了敲c1的床铺）你刚才拿我的军装了吗？，目标角色是 x2,x2,0,1,0,0,0,0
1171_0003_A_44,[CLS] o2帮忙拿着行李领着c1在和门口站岗的哨兵敬礼后走进了文工团。女演员跳舞的时候，分h3一直在旁边批评着，排练的时候，o2领着c1走了进来。d1看到o2拎着行李进来，往他那边走：哟，o2回来了，欢迎我们全军的学雷锋标兵凯旋归来啊！f1走过去和o2握手：欢迎你凯旋归来。o2：你好。o2开始招呼大家。c1原地平转，d1走到o2面前把衣服往他鼻子面前一放，自己笑了笑。分h3：我给大家伙介绍一位新同志，她叫c1，是舞蹈队托o2从北京接来的新兵。（看向c1）q2，做几个动作，给大家亮一手。o2走过来：分h3，目标角色是 o2,o2,0,0,0,0,0,0
1171_0003_A_45,[CLS] b1画外音：我叫b1，上个世纪七十年代，我在祖国大西南的一个省军区的文工团里服役，我是一名舞蹈演员，团里的人都叫我小p2。我要给你们讲的是我们文工团的故事，但在这个故事里，我不是主角。主角应该是他们俩，他叫o2，那时我们歌颂默默无闻的英雄，歌颂平凡中的伟大，就是歌颂o2这种人，穿雨衣的那个女孩儿，她叫c1，是我们舞蹈队托o2接来的新兵，她和o2几十年后的结局还要追溯到o2带她走进文工团的这一天。b1领着其他女舞蹈演员开始跳舞，乐队的伴奏也随之响起。另一边，一个叫u2的号子手还在练习着，b1还在压腿，目标角色是 b1,b1,1,0,0,0,0,0
1171_0003_A_46,[CLS] 另一边，一个叫u2的号子手还在练习着，b1还在压腿，眼睛时不时往u2那边看一眼。o2离开后，b1拿过f1旁边的饺子：s2，你这饺子不吃别浪费了啊，我给他们乐队的人吃。（拿过碗走到身后的u2面前递给了他）你不是老说饺子不够吃吗，都吃了，不许剩啊！o2离开后，b1拿过f1旁边的饺子：s2，你这饺子不吃别浪费了啊，我给他们乐队的人吃。（拿过碗走到身后的u2面前递给了他）你不是老说饺子不够吃吗，都吃了，不许剩啊！，目标角色是 u2,u2,0,0,0,0,0,0
1171_0003_A_47,[CLS] b1画外音：我叫b1，上个世纪七十年代，我在祖国大西南的一个省军区的文工团里服役，我是一名舞蹈演员，团里的人都叫我小p2。我要给你们讲的是我们文工团的故事，但在这个故事里，我不是主角。主角应该是他们俩，他叫o2，那时我们歌颂默默无闻的英雄，歌颂平凡中的伟大，就是歌颂o2这种人，穿雨衣的那个女孩儿，她叫c1，是我们舞蹈队托o2接来的新兵，她和o2几十年后的结局还要追溯到o2带她走进文工团的这一天。b1领着其他女舞蹈演员开始跳舞，乐队的伴奏也随之响起。另一边，一个叫u2的号子手还在练习着，b1还在压腿，目标角色是 b1,b1,0,0,0,0,0,0
1171_0003_A_48,[CLS] d1看到o2拎着行李进来，往他那边走：哟，o2回来了，欢迎我们全军的学雷锋标兵凯旋归来啊！d1走过来发现了b1：看什么呢？d1：有什么好看的啊！我怎么不觉得呢！配不上你。c1原地平转，d1走到o2面前把衣服往他鼻子面前一放，自己笑了笑。d1接过c1的衣服闻了闻，瞬间露出了嫌弃的表情。c1原地平转，d1走到o2面前把衣服往他鼻子面前一放，自己笑了笑。d1笑得声音最大。d1一脸冷漠：没穿军装不能敬礼懂吗？（学着刚才c1的动作）你这是干嘛呢？耍猴啊。（示范正确的动作）敬军礼应该这样，明白吗？，目标角色是 d1,d1,0,0,0,0,0,0
1171_0003_A_49,[CLS] b1画外音：我叫b1，上个世纪七十年代，我在祖国大西南的一个省军区的文工团里服役，我是一名舞蹈演员，团里的人都叫我小p2。我要给你们讲的是我们文工团的故事，但在这个故事里，我不是主角。主角应该是他们俩，他叫o2，那时我们歌颂默默无闻的英雄，歌颂平凡中的伟大，就是歌颂o2这种人，穿雨衣的那个女孩儿，她叫c1，是我们舞蹈队托o2接来的新兵，她和o2几十年后的结局还要追溯到o2带她走进文工团的这一天。b1领着其他女舞蹈演员开始跳舞，乐队的伴奏也随之响起。另一边，一个叫u2的号子手还在练习着，b1还在压腿，目标角色是 b1,b1,0,0,1,0,0,0
1171_0003_A_50,[CLS] d1看到o2拎着行李进来，往他那边走：哟，o2回来了，欢迎我们全军的学雷锋标兵凯旋归来啊！d1走过来发现了b1：看什么呢？d1：有什么好看的啊！我怎么不觉得呢！配不上你。c1原地平转，d1走到o2面前把衣服往他鼻子面前一放，自己笑了笑。d1接过c1的衣服闻了闻，瞬间露出了嫌弃的表情。c1原地平转，d1走到o2面前把衣服往他鼻子面前一放，自己笑了笑。d1笑得声音最大。d1一脸冷漠：没穿军装不能敬礼懂吗？（学着刚才c1的动作）你这是干嘛呢？耍猴啊。（示范正确的动作）敬军礼应该这样，明白吗？，目标角色是 d1,d1,0,0,0,0,0,0
1171_0003_A_51,[CLS] b1画外音：我叫b1，上个世纪七十年代，我在祖国大西南的一个省军区的文工团里服役，我是一名舞蹈演员，团里的人都叫我小p2。我要给你们讲的是我们文工团的故事，但在这个故事里，我不是主角。主角应该是他们俩，他叫o2，那时我们歌颂默默无闻的英雄，歌颂平凡中的伟大，就是歌颂o2这种人，穿雨衣的那个女孩儿，她叫c1，是我们舞蹈队托o2接来的新兵，她和o2几十年后的结局还要追溯到o2带她走进文工团的这一天。b1领着其他女舞蹈演员开始跳舞，乐队的伴奏也随之响起。另一边，一个叫u2的号子手还在练习着，b1还在压腿，目标角色是 b1,b1,0,0,0,0,0,0
1171_0003_A_52,[CLS] b1画外音：我叫b1，上个世纪七十年代，我在祖国大西南的一个省军区的文工团里服役，我是一名舞蹈演员，团里的人都叫我小p2。我要给你们讲的是我们文工团的故事，但在这个故事里，我不是主角。主角应该是他们俩，他叫o2，那时我们歌颂默默无闻的英雄，歌颂平凡中的伟大，就是歌颂o2这种人，穿雨衣的那个女孩儿，她叫c1，是我们舞蹈队托o2接来的新兵，她和o2几十年后的结局还要追溯到o2带她走进文工团的这一天。o2帮忙拿着行李领着c1在和门口站岗的哨兵敬礼后走进了文工团。c1四处张望，显然对这一切充满了好奇和胆怯，目标角色是 c1,c1,0,0,0,0,0,0
1171_0003_A_71,[CLS] d1看到o2拎着行李进来，往他那边走：哟，o2回来了，欢迎我们全军的学雷锋标兵凯旋归来啊！d1走过来发现了b1：看什么呢？d1：有什么好看的啊！我怎么不觉得呢！配不上你。c1原地平转，d1走到o2面前把衣服往他鼻子面前一放，自己笑了笑。d1接过c1的衣服闻了闻，瞬间露出了嫌弃的表情。c1原地平转，d1走到o2面前把衣服往他鼻子面前一放，自己笑了笑。d1笑得声音最大。d1一脸冷漠：没穿军装不能敬礼懂吗？（学着刚才c1的动作）你这是干嘛呢？耍猴啊。（示范正确的动作）敬军礼应该这样，明白吗？d1：p2，目标角色是 d1,d1,0,1,0,0,0,0
1171_0003_A_53,[CLS] 分h3：好，女演员休息，男演员准备《行军路上》，十分钟以后开始排练。分h3走到乐队指挥面前：老廖，你们乐队成心啊，是真不知道心疼这帮姑娘啊。分h3：还跟赶集似的，快把他们累死了。另一边，分h3走到c1面前：c1，欢迎你入伍，来，跟大家伙认识认识。另一边，分h3走到c1面前：c1，欢迎你入伍，来，跟大家伙认识认识。分h3吹了一下口哨，其他人都停了下来。分h3：我给大家伙介绍一位新同志，她叫c1，是舞蹈队托o2从北京接来的新兵。（看向c1）q2，做几个动作，给大家亮一手。o2走过来：分h3，目标角色是 h3,h3,0,0,0,0,0,0
1171_0003_A_55,[CLS] 分h3走到乐队指挥面前：老廖，你们乐队成心啊，是真不知道心疼这帮姑娘啊。分h3：还跟赶集似的，快把他们累死了。另一边，分h3走到c1面前：c1，欢迎你入伍，来，跟大家伙认识认识。另一边，分h3走到c1面前：c1，欢迎你入伍，来，跟大家伙认识认识。分h3吹了一下口哨，其他人都停了下来。分h3：我给大家伙介绍一位新同志，她叫c1，是舞蹈队托o2从北京接来的新兵。（看向c1）q2，做几个动作，给大家亮一手。o2走过来：分h3，我们俩坐了两天两夜的火车了，加上她又没活动，容易受伤，目标角色是 h3,h3,0,0,0,0,0,0
1171_0003_A_57,[CLS] 另一边，分h3走到c1面前：c1，欢迎你入伍，来，跟大家伙认识认识。另一边，分h3走到c1面前：c1，欢迎你入伍，来，跟大家伙认识认识。分h3吹了一下口哨，其他人都停了下来。分h3：我给大家伙介绍一位新同志，她叫c1，是舞蹈队托o2从北京接来的新兵。（看向c1）q2，做几个动作，给大家亮一手。o2走过来：分h3，我们俩坐了两天两夜的火车了，加上她又没活动，容易受伤。分h3看向正在脱外套准备做动作的c1：行吗？q2？分h3：很好，功力没退啊！做几个平转。分h3也蹲下来：怎么了？h3喊了一声：u2。，目标角色是 h3,h3,0,0,0,0,0,0
1171_0003_A_59,[CLS] c1原地平转，d1走到o2面前把衣服往他鼻子面前一放，自己笑了笑。分h3：我给大家伙介绍一位新同志，她叫c1，是舞蹈队托o2从北京接来的新兵。（看向c1）q2，做几个动作，给大家亮一手。o2走过来：分h3，我们俩坐了两天两夜的火车了，加上她又没活动，容易受伤。c1原地平转，d1走到o2面前把衣服往他鼻子面前一放，自己笑了笑。o2蹲下去扶起她：怎么了？摔哪儿了？f1：o2，你手真巧，什么都能修。此时，o2拿着两个饭盒走了过来，将其中一个给了f1。o2：你不是不爱吃饺子吗？我用电炉给你煮了碗挂面，目标角色是 o2,o2,0,0,0,0,0,0
1171_0003_A_60,[CLS] c1原地平转，d1走到o2面前把衣服往他鼻子面前一放，自己笑了笑。另一边，分h3走到c1面前：c1，欢迎你入伍，来，跟大家伙认识认识。分h3：我给大家伙介绍一位新同志，她叫c1，是舞蹈队托o2从北京接来的新兵。（看向c1）q2，做几个动作，给大家亮一手。分h3看向正在脱外套准备做动作的c1：行吗？q2？c1：行。d1接过c1的衣服闻了闻，瞬间露出了嫌弃的表情。c1翻了几个跟头，其他人立刻鼓掌。c1原地平转，d1走到o2面前把衣服往他鼻子面前一放，自己笑了笑。c1正好看到了这一幕，转着转着突然栽倒在地，目标角色是 c1,c1,0,0,0,0,0,0
1171_0003_A_61,[CLS] 分h3吹了一下口哨，其他人都停了下来。分h3：我给大家伙介绍一位新同志，她叫c1，是舞蹈队托o2从北京接来的新兵。（看向c1）q2，做几个动作，给大家亮一手。o2走过来：分h3，我们俩坐了两天两夜的火车了，加上她又没活动，容易受伤。分h3看向正在脱外套准备做动作的c1：行吗？q2？分h3：很好，功力没退啊！做几个平转。分h3也蹲下来：怎么了？h3喊了一声：u2。，目标角色是 h3,h3,0,0,0,0,0,0
1171_0003_A_63,[CLS] c1原地平转，d1走到o2面前把衣服往他鼻子面前一放，自己笑了笑。另一边，分h3走到c1面前：c1，欢迎你入伍，来，跟大家伙认识认识。分h3：我给大家伙介绍一位新同志，她叫c1，是舞蹈队托o2从北京接来的新兵。（看向c1）q2，做几个动作，给大家亮一手。分h3看向正在脱外套准备做动作的c1：行吗？q2？c1：行。d1接过c1的衣服闻了闻，瞬间露出了嫌弃的表情。c1翻了几个跟头，其他人立刻鼓掌。c1原地平转，d1走到o2面前把衣服往他鼻子面前一放，自己笑了笑。c1正好看到了这一幕，转着转着突然栽倒在地，目标角色是 c1,c1,0,0,0,0,0,0
1171_0003_A_64,[CLS] 另一边，分h3走到c1面前：c1，欢迎你入伍，来，跟大家伙认识认识。分h3：我给大家伙介绍一位新同志，她叫c1，是舞蹈队托o2从北京接来的新兵。（看向c1）q2，做几个动作，给大家亮一手。分h3看向正在脱外套准备做动作的c1：行吗？q2？c1：行。d1接过c1的衣服闻了闻，瞬间露出了嫌弃的表情。c1翻了几个跟头，其他人立刻鼓掌。c1原地平转，d1走到o2面前把衣服往他鼻子面前一放，自己笑了笑。c1正好看到了这一幕，转着转着突然栽倒在地。c1起身，但显然有些懵：没事，老师，我还能做几个空翻，目标角色是 c1,c1,0,0,0,0,0,0
1171_0003_A_65,[CLS] d1看到o2拎着行李进来，往他那边走：哟，o2回来了，欢迎我们全军的学雷锋标兵凯旋归来啊！d1走过来发现了b1：看什么呢？d1：有什么好看的啊！我怎么不觉得呢！配不上你。c1原地平转，d1走到o2面前把衣服往他鼻子面前一放，自己笑了笑。d1接过c1的衣服闻了闻，瞬间露出了嫌弃的表情。c1原地平转，d1走到o2面前把衣服往他鼻子面前一放，自己笑了笑。d1笑得声音最大。d1一脸冷漠：没穿军装不能敬礼懂吗？（学着刚才c1的动作）你这是干嘛呢？耍猴啊。（示范正确的动作）敬军礼应该这样，明白吗？d1：p2，目标角色是 d1,d1,0,0,0,0,0,0
1171_0003_A_66,[CLS] 分h3：我给大家伙介绍一位新同志，她叫c1，是舞蹈队托o2从北京接来的新兵。（看向c1）q2，做几个动作，给大家亮一手。分h3看向正在脱外套准备做动作的c1：行吗？q2？c1：行。d1接过c1的衣服闻了闻，瞬间露出了嫌弃的表情。c1翻了几个跟头，其他人立刻鼓掌。c1原地平转，d1走到o2面前把衣服往他鼻子面前一放，自己笑了笑。c1正好看到了这一幕，转着转着突然栽倒在地。c1起身，但显然有些懵：没事，老师，我还能做几个空翻。孙助理给c1取生活用品，b1帮c1拿着东西。c1有些失望：啊，目标角色是 c1,c1,0,0,0,0,0,0
1171_0003_A_67,[CLS] 分h3：我给大家伙介绍一位新同志，她叫c1，是舞蹈队托o2从北京接来的新兵。（看向c1）q2，做几个动作，给大家亮一手。o2走过来：分h3，我们俩坐了两天两夜的火车了，加上她又没活动，容易受伤。分h3看向正在脱外套准备做动作的c1：行吗？q2？分h3：很好，功力没退啊！做几个平转。分h3也蹲下来：怎么了？h3喊了一声：u2。，目标角色是 h3,h3,0,1,0,0,0,0
1171_0003_A_69,[CLS] 分h3：我给大家伙介绍一位新同志，她叫c1，是舞蹈队托o2从北京接来的新兵。（看向c1）q2，做几个动作，给大家亮一手。o2走过来：分h3，我们俩坐了两天两夜的火车了，加上她又没活动，容易受伤。c1原地平转，d1走到o2面前把衣服往他鼻子面前一放，自己笑了笑。o2蹲下去扶起她：怎么了？摔哪儿了？f1：o2，你手真巧，什么都能修。此时，o2拿着两个饭盒走了过来，将其中一个给了f1。o2：你不是不爱吃饺子吗？我用电炉给你煮了碗挂面，还戳了一筷子香油。o2拿出一个手表：你托我带去北京修得手表也修好了，目标角色是 o2,o2,0,0,0,0,0,0
1171_0003_A_70,[CLS] 分h3：我给大家伙介绍一位新同志，她叫c1，是舞蹈队托o2从北京接来的新兵。（看向c1）q2，做几个动作，给大家亮一手。分h3看向正在脱外套准备做动作的c1：行吗？q2？c1：行。d1接过c1的衣服闻了闻，瞬间露出了嫌弃的表情。c1翻了几个跟头，其他人立刻鼓掌。c1原地平转，d1走到o2面前把衣服往他鼻子面前一放，自己笑了笑。c1正好看到了这一幕，转着转着突然栽倒在地。c1起身，但显然有些懵：没事，老师，我还能做几个空翻。孙助理给c1取生活用品，b1帮c1拿着东西。c1有些失望：啊，目标角色是 c1,c1,0,0,0,0,0,0
1171_0003_A_72,[CLS] 分h3：我给大家伙介绍一位新同志，她叫c1，是舞蹈队托o2从北京接来的新兵。（看向c1）q2，做几个动作，给大家亮一手。分h3看向正在脱外套准备做动作的c1：行吗？q2？c1：行。d1接过c1的衣服闻了闻，瞬间露出了嫌弃的表情。c1翻了几个跟头，其他人立刻鼓掌。c1原地平转，d1走到o2面前把衣服往他鼻子面前一放，自己笑了笑。c1正好看到了这一幕，转着转着突然栽倒在地。c1起身，但显然有些懵：没事，老师，我还能做几个空翻。孙助理给c1取生活用品，b1帮c1拿着东西。c1有些失望：啊，目标角色是 c1,c1,0,0,1,0,0,0
1171_0003_A_74,[CLS] 分h3：我给大家伙介绍一位新同志，她叫c1，是舞蹈队托o2从北京接来的新兵。（看向c1）q2，做几个动作，给大家亮一手。o2走过来：分h3，我们俩坐了两天两夜的火车了，加上她又没活动，容易受伤。分h3看向正在脱外套准备做动作的c1：行吗？q2？分h3：很好，功力没退啊！做几个平转。分h3也蹲下来：怎么了？h3喊了一声：u2。，目标角色是 h3,h3,0,0,0,0,0,0
1171_0003_A_76,[CLS] c1：行。d1接过c1的衣服闻了闻，瞬间露出了嫌弃的表情。c1翻了几个跟头，其他人立刻鼓掌。c1原地平转，d1走到o2面前把衣服往他鼻子面前一放，自己笑了笑。c1正好看到了这一幕，转着转着突然栽倒在地。c1起身，但显然有些懵：没事，老师，我还能做几个空翻。孙助理给c1取生活用品，b1帮c1拿着东西。c1有些失望：啊！那还得两个星期我才能穿上军装啊！b1不理会c1，而是检查了一下生活用品：孙助理，蚊帐，你还有蚊帐没给她呢！b1拿着生活用品把c1领到了宿舍。b1安慰着c1：没几天了，五一你就能穿上了，目标角色是 c1,c1,0,0,0,0,0,0
1171_0003_A_78,[CLS] d1走过来发现了b1：看什么呢？d1：有什么好看的啊！我怎么不觉得呢！配不上你。c1原地平转，d1走到o2面前把衣服往他鼻子面前一放，自己笑了笑。d1接过c1的衣服闻了闻，瞬间露出了嫌弃的表情。c1原地平转，d1走到o2面前把衣服往他鼻子面前一放，自己笑了笑。d1笑得声音最大。d1一脸冷漠：没穿军装不能敬礼懂吗？（学着刚才c1的动作）你这是干嘛呢？耍猴啊。（示范正确的动作）敬军礼应该这样，明白吗？d1：p2，回头你教她打背包和整理内务啊。f1指了指d1上面：d1上面。d1拉起f1：走走走，你别又想躲，目标角色是 d1,d1,0,2,0,0,0,0
1171_0003_A_79,[CLS] b1画外音：我叫b1，上个世纪七十年代，我在祖国大西南的一个省军区的文工团里服役，我是一名舞蹈演员，团里的人都叫我小p2。我要给你们讲的是我们文工团的故事，但在这个故事里，我不是主角。主角应该是他们俩，他叫o2，那时我们歌颂默默无闻的英雄，歌颂平凡中的伟大，就是歌颂o2这种人，穿雨衣的那个女孩儿，她叫c1，是我们舞蹈队托o2接来的新兵，她和o2几十年后的结局还要追溯到o2带她走进文工团的这一天。b1领着其他女舞蹈演员开始跳舞，乐队的伴奏也随之响起。另一边，一个叫u2的号子手还在练习着，b1还在压腿，目标角色是 b1,b1,0,0,0,0,0,0
1171_0004_A_80,[CLS] d1接过c1的衣服闻了闻，瞬间露出了嫌弃的表情。c1翻了几个跟头，其他人立刻鼓掌。c1原地平转，d1走到o2面前把衣服往他鼻子面前一放，自己笑了笑。c1正好看到了这一幕，转着转着突然栽倒在地。c1起身，但显然有些懵：没事，老师，我还能做几个空翻。孙助理给c1取生活用品，b1帮c1拿着东西。c1有些失望：啊！那还得两个星期我才能穿上军装啊！b1不理会c1，而是检查了一下生活用品：孙助理，蚊帐，你还有蚊帐没给她呢！b1拿着生活用品把c1领到了宿舍。b1安慰着c1：没几天了，五一你就能穿上了，目标角色是 c1,c1,0,0,0,0,0,0
1171_0004_A_81,[CLS] b1领着其他女舞蹈演员开始跳舞，乐队的伴奏也随之响起。另一边，一个叫u2的号子手还在练习着，b1还在压腿，眼睛时不时往u2那边看一眼。d1走过来发现了b1：看什么呢？b1：没看什么啊！b1：你想哪儿去了，我谁也没看。b1拍了拍她：行了，夸张。孙助理给c1取生活用品，b1帮c1拿着东西。b1不理会c1，而是检查了一下生活用品：孙助理，蚊帐，你还有蚊帐没给她呢！b1拿着生活用品把c1领到了宿舍。b1安慰着c1：没几天了，五一你就能穿上了，其实我刚入伍的时候吧，也特想赶紧穿上照张相，目标角色是 b1,b1,0,0,0,0,0,0
1171_0004_A_83,[CLS] c1原地平转，d1走到o2面前把衣服往他鼻子面前一放，自己笑了笑。c1正好看到了这一幕，转着转着突然栽倒在地。c1起身，但显然有些懵：没事，老师，我还能做几个空翻。孙助理给c1取生活用品，b1帮c1拿着东西。c1有些失望：啊！那还得两个星期我才能穿上军装啊！b1不理会c1，而是检查了一下生活用品：孙助理，蚊帐，你还有蚊帐没给她呢！b1拿着生活用品把c1领到了宿舍。b1安慰着c1：没几天了，五一你就能穿上了，其实我刚入伍的时候吧，也特想赶紧穿上照张相，可那新军装不下一遍水的话根本没法看，全是叠的褶，目标角色是 c1,c1,0,0,0,0,0,1
1171_0004_A_84,[CLS] c1正好看到了这一幕，转着转着突然栽倒在地。c1起身，但显然有些懵：没事，老师，我还能做几个空翻。孙助理给c1取生活用品，b1帮c1拿着东西。c1有些失望：啊！那还得两个星期我才能穿上军装啊！b1不理会c1，而是检查了一下生活用品：孙助理，蚊帐，你还有蚊帐没给她呢！b1拿着生活用品把c1领到了宿舍。b1安慰着c1：没几天了，五一你就能穿上了，其实我刚入伍的时候吧，也特想赶紧穿上照张相，可那新军装不下一遍水的话根本没法看，全是叠的褶。b1安慰着c1：没几天了，五一你就能穿上了，其实我刚入伍的时候吧，目标角色是 c1,c1,0,0,0,0,0,0
1171_0004_A_85,[CLS] 另一边，一个叫u2的号子手还在练习着，b1还在压腿，眼睛时不时往u2那边看一眼。d1走过来发现了b1：看什么呢？b1：没看什么啊！b1：你想哪儿去了，我谁也没看。b1拍了拍她：行了，夸张。孙助理给c1取生活用品，b1帮c1拿着东西。b1不理会c1，而是检查了一下生活用品：孙助理，蚊帐，你还有蚊帐没给她呢！b1拿着生活用品把c1领到了宿舍。b1安慰着c1：没几天了，五一你就能穿上了，其实我刚入伍的时候吧，也特想赶紧穿上照张相，可那新军装不下一遍水的话根本没法看，全是叠的褶。b1安慰着c1：没几天了，目标角色是 b1,b1,0,0,0,0,0,0
1171_0005_A_87,[CLS] c1起身，但显然有些懵：没事，老师，我还能做几个空翻。孙助理给c1取生活用品，b1帮c1拿着东西。c1有些失望：啊！那还得两个星期我才能穿上军装啊！b1不理会c1，而是检查了一下生活用品：孙助理，蚊帐，你还有蚊帐没给她呢！b1拿着生活用品把c1领到了宿舍。b1安慰着c1：没几天了，五一你就能穿上了，其实我刚入伍的时候吧，也特想赶紧穿上照张相，可那新军装不下一遍水的话根本没法看，全是叠的褶。b1安慰着c1：没几天了，五一你就能穿上了，其实我刚入伍的时候吧，也特想赶紧穿上照张相，目标角色是 c1,c1,0,0,0,0,0,0
1171_0005_A_88,[CLS] d1走过来发现了b1：看什么呢？b1：没看什么啊！b1：你想哪儿去了，我谁也没看。b1拍了拍她：行了，夸张。孙助理给c1取生活用品，b1帮c1拿着东西。b1不理会c1，而是检查了一下生活用品：孙助理，蚊帐，你还有蚊帐没给她呢！b1拿着生活用品把c1领到了宿舍。b1安慰着c1：没几天了，五一你就能穿上了，其实我刚入伍的时候吧，也特想赶紧穿上照张相，可那新军装不下一遍水的话根本没法看，全是叠的褶。b1安慰着c1：没几天了，五一你就能穿上了，其实我刚入伍的时候吧，也特想赶紧穿上照张相，目标角色是 b1,b1,0,0,0,0,0,0
1171_0005_A_89,[CLS] c1有些失望：啊！那还得两个星期我才能穿上军装啊！b1不理会c1，而是检查了一下生活用品：孙助理，蚊帐，你还有蚊帐没给她呢！b1拿着生活用品把c1领到了宿舍。b1安慰着c1：没几天了，五一你就能穿上了，其实我刚入伍的时候吧，也特想赶紧穿上照张相，可那新军装不下一遍水的话根本没法看，全是叠的褶。b1安慰着c1：没几天了，五一你就能穿上了，其实我刚入伍的时候吧，也特想赶紧穿上照张相，可那新军装不下一遍水的话根本没法看，全是叠的褶。d1一脸冷漠：没穿军装不能敬礼懂吗？（学着刚才c1的动作）你这是干嘛呢？耍猴啊，目标角色是 c1,c1,0,0,0,0,0,0
1171_0003_A_73,[CLS] 分h3：我给大家伙介绍一位新同志，她叫c1，是舞蹈队托o2从北京接来的新兵。（看向c1）q2，做几个动作，给大家亮一手。o2走过来：分h3，我们俩坐了两天两夜的火车了，加上她又没活动，容易受伤。c1原地平转，d1走到o2面前把衣服往他鼻子面前一放，自己笑了笑。o2蹲下去扶起她：怎么了？摔哪儿了？f1：o2，你手真巧，什么都能修。此时，o2拿着两个饭盒走了过来，将其中一个给了f1。o2：你不是不爱吃饺子吗？我用电炉给你煮了碗挂面，还戳了一筷子香油。o2拿出一个手表：你托我带去北京修得手表也修好了，目标角色是 o2,o2,0,0,0,0,0,0
1171_0005_A_90,[CLS] b1安慰着c1：没几天了，五一你就能穿上了，其实我刚入伍的时候吧，也特想赶紧穿上照张相，可那新军装不下一遍水的话根本没法看，全是叠的褶。b1安慰着c1：没几天了，五一你就能穿上了，其实我刚入伍的时候吧，也特想赶紧穿上照张相，可那新军装不下一遍水的话根本没法看，全是叠的褶。b1：你们先去啊，我刚排练完一身汗，还没洗澡呢。b1：行了，你包饺子去吧！b1和c1走进了宿舍，c1有些胆怯，弯着腰低着头。b1：我给你介绍一下。（看着坐在钢琴前的女孩儿）这是f1，是咱们团的独唱演员。，目标角色是 b1,b1,0,0,0,0,0,0
1171_0006_A_96,[CLS] c1原地平转，d1走到o2面前把衣服往他鼻子面前一放，自己笑了笑。d1接过c1的衣服闻了闻，瞬间露出了嫌弃的表情。c1原地平转，d1走到o2面前把衣服往他鼻子面前一放，自己笑了笑。d1笑得声音最大。d1一脸冷漠：没穿军装不能敬礼懂吗？（学着刚才c1的动作）你这是干嘛呢？耍猴啊。（示范正确的动作）敬军礼应该这样，明白吗？d1：p2，回头你教她打背包和整理内务啊。f1指了指d1上面：d1上面。d1拉起f1：走走走，你别又想躲，我就爱吃饺子，我跟你说，这部队就是我们北方人的天下。（走到门口又回头，，目标角色是 d1,d1,0,0,0,1,0,0
1171_0006_A_98,[CLS] d1接过c1的衣服闻了闻，瞬间露出了嫌弃的表情。c1原地平转，d1走到o2面前把衣服往他鼻子面前一放，自己笑了笑。d1笑得声音最大。d1一脸冷漠：没穿军装不能敬礼懂吗？（学着刚才c1的动作）你这是干嘛呢？耍猴啊。（示范正确的动作）敬军礼应该这样，明白吗？d1：p2，回头你教她打背包和整理内务啊。f1指了指d1上面：d1上面。d1拉起f1：走走走，你别又想躲，我就爱吃饺子，我跟你说，这部队就是我们北方人的天下。（走到门口又回头，指了指c1）哎，p2，带她也去洗洗，好好搓搓啊，至少三遍，目标角色是 d1,d1,0,0,0,0,0,0
1171_0006_A_101,[CLS] c1原地平转，d1走到o2面前把衣服往他鼻子面前一放，自己笑了笑。d1笑得声音最大。d1一脸冷漠：没穿军装不能敬礼懂吗？（学着刚才c1的动作）你这是干嘛呢？耍猴啊。（示范正确的动作）敬军礼应该这样，明白吗？d1：p2，回头你教她打背包和整理内务啊。f1指了指d1上面：d1上面。d1拉起f1：走走走，你别又想躲，我就爱吃饺子，我跟你说，这部队就是我们北方人的天下。（走到门口又回头，指了指c1）哎，p2，带她也去洗洗，好好搓搓啊，至少三遍，身上馊得跟从泔水里捞出来似的。（看向穿着军装的女孩儿）d1你见过了吧，目标角色是 d1,d1,0,0,0,0,0,0
1171_0006_A_103,[CLS] f1走过去和o2握手：欢迎你凯旋归来。f1指了指d1上面：d1上面。f1抱怨：又吃饺子啊！d1拉起f1：走走走，你别又想躲，我就爱吃饺子，我跟你说，这部队就是我们北方人的天下。（走到门口又回头，指了指c1）哎，p2，带她也去洗洗，好好搓搓啊，至少三遍，身上馊得跟从泔水里捞出来似的。b1：我给你介绍一下。（看着坐在钢琴前的女孩儿）这是f1，是咱们团的独唱演员。，目标角色是 f1,f1,0,0,0,0,0,0
1171_0006_A_104,[CLS] b1安慰着c1：没几天了，五一你就能穿上了，其实我刚入伍的时候吧，也特想赶紧穿上照张相，可那新军装不下一遍水的话根本没法看，全是叠的褶。b1安慰着c1：没几天了，五一你就能穿上了，其实我刚入伍的时候吧，也特想赶紧穿上照张相，可那新军装不下一遍水的话根本没法看，全是叠的褶。b1：你们先去啊，我刚排练完一身汗，还没洗澡呢。b1：行了，你包饺子去吧！b1和c1走进了宿舍，c1有些胆怯，弯着腰低着头。b1：我给你介绍一下。（看着坐在钢琴前的女孩儿）这是f1，是咱们团的独唱演员。，目标角色是 b1,b1,0,0,0,0,0,0
1171_0006_A_105,[CLS] f1走过去和o2握手：欢迎你凯旋归来。f1指了指d1上面：d1上面。f1抱怨：又吃饺子啊！d1拉起f1：走走走，你别又想躲，我就爱吃饺子，我跟你说，这部队就是我们北方人的天下。（走到门口又回头，指了指c1）哎，p2，带她也去洗洗，好好搓搓啊，至少三遍，身上馊得跟从泔水里捞出来似的。b1：我给你介绍一下。（看着坐在钢琴前的女孩儿）这是f1，是咱们团的独唱演员。f1指了指d1上面：d1上面。座位上，b1和f1坐在一起，但f1只是用叉子叉着饺子，根本不吃。f1：o2，你手真巧，什么都能修。f1：我不想吃饺子，目标角色是 f1,f1,0,0,0,0,0,0
1171_0006_A_106,[CLS] d1：p2，回头你教她打背包和整理内务啊。f1指了指d1上面：d1上面。d1拉起f1：走走走，你别又想躲，我就爱吃饺子，我跟你说，这部队就是我们北方人的天下。（走到门口又回头，指了指c1）哎，p2，带她也去洗洗，好好搓搓啊，至少三遍，身上馊得跟从泔水里捞出来似的。（看向穿着军装的女孩儿）d1你见过了吧，她是报幕的，也是咱们宿舍舍长。f1指了指d1上面：d1上面。d1看了看o2的饭盒：哟，o2，你这饭盒的饺子怎么都是破的啊！你这成吃饺子皮了。d1看了看o2的饭盒：哟，o2，你这饭盒的饺子怎么都是破的啊，目标角色是 d1,d1,0,0,0,0,0,0
1171_0006_A_107,[CLS] b1安慰着c1：没几天了，五一你就能穿上了，其实我刚入伍的时候吧，也特想赶紧穿上照张相，可那新军装不下一遍水的话根本没法看，全是叠的褶。b1安慰着c1：没几天了，五一你就能穿上了，其实我刚入伍的时候吧，也特想赶紧穿上照张相，可那新军装不下一遍水的话根本没法看，全是叠的褶。b1：你们先去啊，我刚排练完一身汗，还没洗澡呢。b1：行了，你包饺子去吧！b1和c1走进了宿舍，c1有些胆怯，弯着腰低着头。b1：我给你介绍一下。（看着坐在钢琴前的女孩儿）这是f1，是咱们团的独唱演员。，目标角色是 b1,b1,0,0,0,0,0,0
1171_0006_A_91,[CLS] d1一脸冷漠：没穿军装不能敬礼懂吗？（学着刚才c1的动作）你这是干嘛呢？耍猴啊。（示范正确的动作）敬军礼应该这样，明白吗？d1拉起f1：走走走，你别又想躲，我就爱吃饺子，我跟你说，这部队就是我们北方人的天下。（走到门口又回头，指了指c1）哎，p2，带她也去洗洗，好好搓搓啊，至少三遍，身上馊得跟从泔水里捞出来似的。b1和c1走进了宿舍，c1有些胆怯，弯着腰低着头。c1敬礼，依旧是之前勾着手掌的敬礼方式。c1：恩，明白。b1准备洗澡，她看了一眼c1，发现c1一直盯着墙上挂着的军装发呆。b1洗完澡在换衣服，目标角色是 c1,c1,0,0,0,0,1,0
1171_0006_A_92,[CLS] b1安慰着c1：没几天了，五一你就能穿上了，其实我刚入伍的时候吧，也特想赶紧穿上照张相，可那新军装不下一遍水的话根本没法看，全是叠的褶。b1：你们先去啊，我刚排练完一身汗，还没洗澡呢。b1：行了，你包饺子去吧！b1和c1走进了宿舍，c1有些胆怯，弯着腰低着头。b1：我给你介绍一下。（看着坐在钢琴前的女孩儿）这是f1，是咱们团的独唱演员。b1斜着眼望着她：说你胖你还真喘上了，你帮她把蚊帐挂上啊！哎，她睡哪个铺啊？b1准备洗澡，她看了一眼c1，发现c1一直盯着墙上挂着的军装发呆。b1洗完澡在换衣服，目标角色是 b1,b1,0,0,0,0,0,0
1171_0006_A_93,[CLS] b1安慰着c1：没几天了，五一你就能穿上了，其实我刚入伍的时候吧，也特想赶紧穿上照张相，可那新军装不下一遍水的话根本没法看，全是叠的褶。b1：你们先去啊，我刚排练完一身汗，还没洗澡呢。b1：行了，你包饺子去吧！b1和c1走进了宿舍，c1有些胆怯，弯着腰低着头。b1：我给你介绍一下。（看着坐在钢琴前的女孩儿）这是f1，是咱们团的独唱演员。b1斜着眼望着她：说你胖你还真喘上了，你帮她把蚊帐挂上啊！哎，她睡哪个铺啊？b1准备洗澡，她看了一眼c1，发现c1一直盯着墙上挂着的军装发呆。b1洗完澡在换衣服，目标角色是 b1,b1,0,0,0,0,0,0
1171_0006_A_94,[CLS] d1拉起f1：走走走，你别又想躲，我就爱吃饺子，我跟你说，这部队就是我们北方人的天下。（走到门口又回头，指了指c1）哎，p2，带她也去洗洗，好好搓搓啊，至少三遍，身上馊得跟从泔水里捞出来似的。（看向穿着军装的女孩儿）d1你见过了吧，她是报幕的，也是咱们宿舍舍长。f1指了指d1上面：d1上面。d1看了看o2的饭盒：哟，o2，你这饭盒的饺子怎么都是破的啊！你这成吃饺子皮了。d1看了看o2的饭盒：哟，o2，你这饭盒的饺子怎么都是破的啊！你这成吃饺子皮了。d1：p2，这下期出墙报你可得好好写写啊，什么是活雷锋，目标角色是 d1,d1,0,0,0,0,0,0
1171_0006_A_95,[CLS] d1拉起f1：走走走，你别又想躲，我就爱吃饺子，我跟你说，这部队就是我们北方人的天下。（走到门口又回头，指了指c1）哎，p2，带她也去洗洗，好好搓搓啊，至少三遍，身上馊得跟从泔水里捞出来似的。b1和c1走进了宿舍，c1有些胆怯，弯着腰低着头。c1敬礼，依旧是之前勾着手掌的敬礼方式。c1：恩，明白。b1准备洗澡，她看了一眼c1，发现c1一直盯着墙上挂着的军装发呆。b1洗完澡在换衣服，看了一眼浴室里走了进去，发现c1还在冲洗。c1有些惊讶：那可以每天都洗吗？c1：洗一次一毛五，我妈说太贵了，目标角色是 c1,c1,0,0,0,0,0,0
1171_0006_A_97,[CLS] d1拉起f1：走走走，你别又想躲，我就爱吃饺子，我跟你说，这部队就是我们北方人的天下。（走到门口又回头，指了指c1）哎，p2，带她也去洗洗，好好搓搓啊，至少三遍，身上馊得跟从泔水里捞出来似的。b1和c1走进了宿舍，c1有些胆怯，弯着腰低着头。c1敬礼，依旧是之前勾着手掌的敬礼方式。c1：恩，明白。b1准备洗澡，她看了一眼c1，发现c1一直盯着墙上挂着的军装发呆。b1洗完澡在换衣服，看了一眼浴室里走了进去，发现c1还在冲洗。c1有些惊讶：那可以每天都洗吗？c1：洗一次一毛五，我妈说太贵了，目标角色是 c1,c1,0,0,0,0,0,0
1171_0006_A_99,[CLS] b1：你们先去啊，我刚排练完一身汗，还没洗澡呢。b1：行了，你包饺子去吧！b1和c1走进了宿舍，c1有些胆怯，弯着腰低着头。b1：我给你介绍一下。（看着坐在钢琴前的女孩儿）这是f1，是咱们团的独唱演员。b1斜着眼望着她：说你胖你还真喘上了，你帮她把蚊帐挂上啊！哎，她睡哪个铺啊？b1准备洗澡，她看了一眼c1，发现c1一直盯着墙上挂着的军装发呆。b1洗完澡在换衣服，看了一眼浴室里走了进去，发现c1还在冲洗。b1：q2，你还洗完啊，你这怎么像没洗过澡似的啊！b1：那当然了，你练完功不洗澡不得臭了啊，目标角色是 b1,b1,0,0,0,0,0,0
1171_0006_A_100,[CLS] d1拉起f1：走走走，你别又想躲，我就爱吃饺子，我跟你说，这部队就是我们北方人的天下。（走到门口又回头，指了指c1）哎，p2，带她也去洗洗，好好搓搓啊，至少三遍，身上馊得跟从泔水里捞出来似的。b1：我给你介绍一下。（看着坐在钢琴前的女孩儿）这是f1，是咱们团的独唱演员。f1指了指d1上面：d1上面。座位上，b1和f1坐在一起，但f1只是用叉子叉着饺子，根本不吃。f1：o2，你手真巧，什么都能修。f1：我不想吃饺子。此时，o2拿着两个饭盒走了过来，将其中一个给了f1。f1接过手表：我说的吧，只有亨得利能修，目标角色是 f1,f1,0,0,0,0,0,0
1171_0006_A_108,[CLS] d1拉起f1：走走走，你别又想躲，我就爱吃饺子，我跟你说，这部队就是我们北方人的天下。（走到门口又回头，指了指c1）哎，p2，带她也去洗洗，好好搓搓啊，至少三遍，身上馊得跟从泔水里捞出来似的。b1和c1走进了宿舍，c1有些胆怯，弯着腰低着头。c1敬礼，依旧是之前勾着手掌的敬礼方式。c1：恩，明白。b1准备洗澡，她看了一眼c1，发现c1一直盯着墙上挂着的军装发呆。b1洗完澡在换衣服，看了一眼浴室里走了进去，发现c1还在冲洗。c1有些惊讶：那可以每天都洗吗？c1：洗一次一毛五，我妈说太贵了，目标角色是 c1,c1,0,0,0,0,0,0
1171_0007_A_110,[CLS] d1拉起f1：走走走，你别又想躲，我就爱吃饺子，我跟你说，这部队就是我们北方人的天下。（走到门口又回头，指了指c1）哎，p2，带她也去洗洗，好好搓搓啊，至少三遍，身上馊得跟从泔水里捞出来似的。b1和c1走进了宿舍，c1有些胆怯，弯着腰低着头。c1敬礼，依旧是之前勾着手掌的敬礼方式。c1：恩，明白。b1准备洗澡，她看了一眼c1，发现c1一直盯着墙上挂着的军装发呆。b1洗完澡在换衣服，看了一眼浴室里走了进去，发现c1还在冲洗。c1有些惊讶：那可以每天都洗吗？c1：洗一次一毛五，我妈说太贵了，目标角色是 c1,c1,0,0,0,0,0,0
1171_0007_A_111,[CLS] b1：我给你介绍一下。（看着坐在钢琴前的女孩儿）这是f1，是咱们团的独唱演员。b1斜着眼望着她：说你胖你还真喘上了，你帮她把蚊帐挂上啊！哎，她睡哪个铺啊？b1准备洗澡，她看了一眼c1，发现c1一直盯着墙上挂着的军装发呆。b1洗完澡在换衣服，看了一眼浴室里走了进去，发现c1还在冲洗。b1：q2，你还洗完啊，你这怎么像没洗过澡似的啊！b1：那当然了，你练完功不洗澡不得臭了啊！你不是每天洗啊！b1：你差不多行了啊，我得去食堂帮厨去了。b1离开了，c1激动的在淋浴下转圈，幸福之感溢于言表，目标角色是 b1,b1,0,0,0,0,0,0
1171_0007_A_112,[CLS] b1：我给你介绍一下。（看着坐在钢琴前的女孩儿）这是f1，是咱们团的独唱演员。b1斜着眼望着她：说你胖你还真喘上了，你帮她把蚊帐挂上啊！哎，她睡哪个铺啊？b1准备洗澡，她看了一眼c1，发现c1一直盯着墙上挂着的军装发呆。b1洗完澡在换衣服，看了一眼浴室里走了进去，发现c1还在冲洗。b1：q2，你还洗完啊，你这怎么像没洗过澡似的啊！b1：那当然了，你练完功不洗澡不得臭了啊！你不是每天洗啊！b1：你差不多行了啊，我得去食堂帮厨去了。b1离开了，c1激动的在淋浴下转圈，幸福之感溢于言表，目标角色是 b1,b1,0,0,0,0,0,0
1171_0007_A_115,[CLS] b1和c1走进了宿舍，c1有些胆怯，弯着腰低着头。c1敬礼，依旧是之前勾着手掌的敬礼方式。c1：恩，明白。b1准备洗澡，她看了一眼c1，发现c1一直盯着墙上挂着的军装发呆。b1洗完澡在换衣服，看了一眼浴室里走了进去，发现c1还在冲洗。c1有些惊讶：那可以每天都洗吗？c1：洗一次一毛五，我妈说太贵了，平时我都是自己烧水用盆擦。可以每天洗澡，当兵太幸福了。b1离开了，c1激动的在淋浴下转圈，幸福之感溢于言表。b1画外音：c1就这样进入了我们的集体，她以为脱离了那个把她当成累赘鄙视她的家庭就可以受到尊重，目标角色是 c1,c1,0,0,1,0,0,0
1171_0007_A_116,[CLS] b1斜着眼望着她：说你胖你还真喘上了，你帮她把蚊帐挂上啊！哎，她睡哪个铺啊？b1准备洗澡，她看了一眼c1，发现c1一直盯着墙上挂着的军装发呆。b1洗完澡在换衣服，看了一眼浴室里走了进去，发现c1还在冲洗。b1：q2，你还洗完啊，你这怎么像没洗过澡似的啊！b1：那当然了，你练完功不洗澡不得臭了啊！你不是每天洗啊！b1：你差不多行了啊，我得去食堂帮厨去了。b1离开了，c1激动的在淋浴下转圈，幸福之感溢于言表。b1画外音：c1就这样进入了我们的集体，她以为脱离了那个把她当成累赘鄙视她的家庭就可以受到尊重，目标角色是 b1,b1,0,0,0,0,0,0
1171_0007_A_117,[CLS] c1：恩，明白。b1准备洗澡，她看了一眼c1，发现c1一直盯着墙上挂着的军装发呆。b1洗完澡在换衣服，看了一眼浴室里走了进去，发现c1还在冲洗。c1有些惊讶：那可以每天都洗吗？c1：洗一次一毛五，我妈说太贵了，平时我都是自己烧水用盆擦。可以每天洗澡，当兵太幸福了。b1离开了，c1激动的在淋浴下转圈，幸福之感溢于言表。b1画外音：c1就这样进入了我们的集体，她以为脱离了那个把她当成累赘鄙视她的家庭就可以受到尊重，她不知道，从她走进这个集体的那一天起，她就成了这个集体的一个笑话。，目标角色是 c1,c1,0,0,0,0,0,0
1171_0007_A_118,[CLS] b1准备洗澡，她看了一眼c1，发现c1一直盯着墙上挂着的军装发呆。b1洗完澡在换衣服，看了一眼浴室里走了进去，发现c1还在冲洗。b1：q2，你还洗完啊，你这怎么像没洗过澡似的啊！b1：那当然了，你练完功不洗澡不得臭了啊！你不是每天洗啊！b1：你差不多行了啊，我得去食堂帮厨去了。b1离开了，c1激动的在淋浴下转圈，幸福之感溢于言表。b1画外音：c1就这样进入了我们的集体，她以为脱离了那个把她当成累赘鄙视她的家庭就可以受到尊重，她不知道，从她走进这个集体的那一天起，她就成了这个集体的一个笑话。座位上，目标角色是 b1,b1,0,0,0,0,0,0
1171_0007_A_119,[CLS] b1准备洗澡，她看了一眼c1，发现c1一直盯着墙上挂着的军装发呆。b1洗完澡在换衣服，看了一眼浴室里走了进去，发现c1还在冲洗。c1有些惊讶：那可以每天都洗吗？c1：洗一次一毛五，我妈说太贵了，平时我都是自己烧水用盆擦。可以每天洗澡，当兵太幸福了。b1离开了，c1激动的在淋浴下转圈，幸福之感溢于言表。b1画外音：c1就这样进入了我们的集体，她以为脱离了那个把她当成累赘鄙视她的家庭就可以受到尊重，她不知道，从她走进这个集体的那一天起，她就成了这个集体的一个笑话。c1拿着军装在镜子前比划了比划，若有所思，目标角色是 c1,c1,0,2,0,0,0,0
1171_0007_A_120,[CLS] b1洗完澡在换衣服，看了一眼浴室里走了进去，发现c1还在冲洗。b1：q2，你还洗完啊，你这怎么像没洗过澡似的啊！b1：那当然了，你练完功不洗澡不得臭了啊！你不是每天洗啊！b1：你差不多行了啊，我得去食堂帮厨去了。b1离开了，c1激动的在淋浴下转圈，幸福之感溢于言表。b1画外音：c1就这样进入了我们的集体，她以为脱离了那个把她当成累赘鄙视她的家庭就可以受到尊重，她不知道，从她走进这个集体的那一天起，她就成了这个集体的一个笑话。座位上，b1和f1坐在一起，但f1只是用叉子叉着饺子，根本不吃。b1准备洗澡，目标角色是 b1,b1,0,0,0,0,0,0
1171_0007_A_121,[CLS] b1：你差不多行了啊，我得去食堂帮厨去了。b1离开了，c1激动的在淋浴下转圈，幸福之感溢于言表。b1画外音：c1就这样进入了我们的集体，她以为脱离了那个把她当成累赘鄙视她的家庭就可以受到尊重，她不知道，从她走进这个集体的那一天起，她就成了这个集体的一个笑话。座位上，b1和f1坐在一起，但f1只是用叉子叉着饺子，根本不吃。b1准备洗澡，她看了一眼c1，发现c1一直盯着墙上挂着的军装发呆。b1：洗澡要什么钱啊？b1：你真的不吃啊！o2离开后，b1拿过f1旁边的饺子：s2，你这饺子不吃别浪费了啊，目标角色是 b1,b1,0,0,0,0,0,0
1171_0008_A_122,[CLS] b1离开了，c1激动的在淋浴下转圈，幸福之感溢于言表。b1画外音：c1就这样进入了我们的集体，她以为脱离了那个把她当成累赘鄙视她的家庭就可以受到尊重，她不知道，从她走进这个集体的那一天起，她就成了这个集体的一个笑话。c1拿着军装在镜子前比划了比划，若有所思。b1准备洗澡，她看了一眼c1，发现c1一直盯着墙上挂着的军装发呆。c1：p2，这里洗澡要钱吗？c1穿着军装走到了街道，街道上是宣传毛泽东思想的游行队伍。c1穿过队伍来到了一个照相馆门口。c1坐在相机前。c1回到宿舍，慌手慌脚的赶紧把军装又挂了回去，目标角色是 c1,c1,0,0,0,0,0,0
1171_0009_A_124,[CLS] b1离开了，c1激动的在淋浴下转圈，幸福之感溢于言表。b1画外音：c1就这样进入了我们的集体，她以为脱离了那个把她当成累赘鄙视她的家庭就可以受到尊重，她不知道，从她走进这个集体的那一天起，她就成了这个集体的一个笑话。座位上，b1和f1坐在一起，但f1只是用叉子叉着饺子，根本不吃。b1准备洗澡，她看了一眼c1，发现c1一直盯着墙上挂着的军装发呆。b1：洗澡要什么钱啊？b1：你真的不吃啊！o2离开后，b1拿过f1旁边的饺子：s2，你这饺子不吃别浪费了啊，我给他们乐队的人吃，目标角色是 b1,b1,0,0,0,0,0,0
1171_0009_A_125,[CLS] d1拉起f1：走走走，你别又想躲，我就爱吃饺子，我跟你说，这部队就是我们北方人的天下。（走到门口又回头，指了指c1）哎，p2，带她也去洗洗，好好搓搓啊，至少三遍，身上馊得跟从泔水里捞出来似的。b1：我给你介绍一下。（看着坐在钢琴前的女孩儿）这是f1，是咱们团的独唱演员。f1指了指d1上面：d1上面。座位上，b1和f1坐在一起，但f1只是用叉子叉着饺子，根本不吃。f1：o2，你手真巧，什么都能修。f1：我不想吃饺子。此时，o2拿着两个饭盒走了过来，将其中一个给了f1。f1接过手表：我说的吧，只有亨得利能修，目标角色是 f1,f1,0,0,0,0,0,0
1171_0006_A_109,[CLS] b1画外音：c1就这样进入了我们的集体，她以为脱离了那个把她当成累赘鄙视她的家庭就可以受到尊重，她不知道，从她走进这个集体的那一天起，她就成了这个集体的一个笑话。座位上，b1和f1坐在一起，但f1只是用叉子叉着饺子，根本不吃。b1准备洗澡，她看了一眼c1，发现c1一直盯着墙上挂着的军装发呆。b1：洗澡要什么钱啊？b1：你真的不吃啊！o2离开后，b1拿过f1旁边的饺子：s2，你这饺子不吃别浪费了啊，我给他们乐队的人吃。（拿过碗走到身后的u2面前递给了他）你不是老说饺子不够吃吗，都吃了，不许剩啊！o2离开后，目标角色是 b1,b1,0,0,0,0,0,0
1171_0007_A_113,[CLS] b1画外音：c1就这样进入了我们的集体，她以为脱离了那个把她当成累赘鄙视她的家庭就可以受到尊重，她不知道，从她走进这个集体的那一天起，她就成了这个集体的一个笑话。c1拿着军装在镜子前比划了比划，若有所思。b1准备洗澡，她看了一眼c1，发现c1一直盯着墙上挂着的军装发呆。c1：p2，这里洗澡要钱吗？c1穿着军装走到了街道，街道上是宣传毛泽东思想的游行队伍。c1穿过队伍来到了一个照相馆门口。c1坐在相机前。c1回到宿舍，慌手慌脚的赶紧把军装又挂了回去。b1看向c1：你刚才怎么没去吃饭啊？，目标角色是 c1,c1,0,0,0,0,0,0
1171_0007_A_114,[CLS] b1画外音：c1就这样进入了我们的集体，她以为脱离了那个把她当成累赘鄙视她的家庭就可以受到尊重，她不知道，从她走进这个集体的那一天起，她就成了这个集体的一个笑话。座位上，b1和f1坐在一起，但f1只是用叉子叉着饺子，根本不吃。b1准备洗澡，她看了一眼c1，发现c1一直盯着墙上挂着的军装发呆。b1：洗澡要什么钱啊？b1：你真的不吃啊！o2离开后，b1拿过f1旁边的饺子：s2，你这饺子不吃别浪费了啊，我给他们乐队的人吃。（拿过碗走到身后的u2面前递给了他）你不是老说饺子不够吃吗，都吃了，不许剩啊！o2离开后，目标角色是 b1,b1,0,0,0,0,0,0
1171_0009_A_126,[CLS] b1画外音：c1就这样进入了我们的集体，她以为脱离了那个把她当成累赘鄙视她的家庭就可以受到尊重，她不知道，从她走进这个集体的那一天起，她就成了这个集体的一个笑话。座位上，b1和f1坐在一起，但f1只是用叉子叉着饺子，根本不吃。b1准备洗澡，她看了一眼c1，发现c1一直盯着墙上挂着的军装发呆。b1：洗澡要什么钱啊？b1：你真的不吃啊！o2离开后，b1拿过f1旁边的饺子：s2，你这饺子不吃别浪费了啊，我给他们乐队的人吃。（拿过碗走到身后的u2面前递给了他）你不是老说饺子不够吃吗，都吃了，不许剩啊！o2离开后，目标角色是 b1,b1,0,0,0,0,0,0
1171_0009_A_135,[CLS] d1拉起f1：走走走，你别又想躲，我就爱吃饺子，我跟你说，这部队就是我们北方人的天下。（走到门口又回头，指了指c1）哎，p2，带她也去洗洗，好好搓搓啊，至少三遍，身上馊得跟从泔水里捞出来似的。b1：我给你介绍一下。（看着坐在钢琴前的女孩儿）这是f1，是咱们团的独唱演员。f1指了指d1上面：d1上面。座位上，b1和f1坐在一起，但f1只是用叉子叉着饺子，根本不吃。f1：o2，你手真巧，什么都能修。f1：我不想吃饺子。此时，o2拿着两个饭盒走了过来，将其中一个给了f1。f1接过手表：我说的吧，只有亨得利能修，目标角色是 f1,f1,0,0,0,0,0,0
1171_0009_A_127,[CLS] d1拉起f1：走走走，你别又想躲，我就爱吃饺子，我跟你说，这部队就是我们北方人的天下。（走到门口又回头，指了指c1）哎，p2，带她也去洗洗，好好搓搓啊，至少三遍，身上馊得跟从泔水里捞出来似的。b1：我给你介绍一下。（看着坐在钢琴前的女孩儿）这是f1，是咱们团的独唱演员。f1指了指d1上面：d1上面。座位上，b1和f1坐在一起，但f1只是用叉子叉着饺子，根本不吃。f1：o2，你手真巧，什么都能修。f1：我不想吃饺子。此时，o2拿着两个饭盒走了过来，将其中一个给了f1。f1接过手表：我说的吧，只有亨得利能修，目标角色是 f1,f1,0,0,0,0,0,0
1171_0009_A_128,[CLS] o2走过来：分h3，我们俩坐了两天两夜的火车了，加上她又没活动，容易受伤。c1原地平转，d1走到o2面前把衣服往他鼻子面前一放，自己笑了笑。o2蹲下去扶起她：怎么了？摔哪儿了？f1：o2，你手真巧，什么都能修。此时，o2拿着两个饭盒走了过来，将其中一个给了f1。o2：你不是不爱吃饺子吗？我用电炉给你煮了碗挂面，还戳了一筷子香油。o2拿出一个手表：你托我带去北京修得手表也修好了。o2：亨得利文革一开始就关门了，我又去了别的表店，人家说你这表又老又是名牌，怕修坏了赔不起，我就买了本修表的书，照着书上学，目标角色是 o2,o2,0,0,0,0,0,0
1171_0009_A_129,[CLS] b1：我给你介绍一下。（看着坐在钢琴前的女孩儿）这是f1，是咱们团的独唱演员。f1指了指d1上面：d1上面。座位上，b1和f1坐在一起，但f1只是用叉子叉着饺子，根本不吃。f1：o2，你手真巧，什么都能修。f1：我不想吃饺子。此时，o2拿着两个饭盒走了过来，将其中一个给了f1。f1接过手表：我说的吧，只有亨得利能修。o2离开后，b1拿过f1旁边的饺子：s2，你这饺子不吃别浪费了啊，我给他们乐队的人吃。（拿过碗走到身后的u2面前递给了他）你不是老说饺子不够吃吗，都吃了，不许剩啊！f1接过筷子：谢谢啊，目标角色是 f1,f1,0,0,0,0,0,0
1171_0009_A_130,[CLS] c1原地平转，d1走到o2面前把衣服往他鼻子面前一放，自己笑了笑。o2蹲下去扶起她：怎么了？摔哪儿了？f1：o2，你手真巧，什么都能修。此时，o2拿着两个饭盒走了过来，将其中一个给了f1。o2：你不是不爱吃饺子吗？我用电炉给你煮了碗挂面，还戳了一筷子香油。o2拿出一个手表：你托我带去北京修得手表也修好了。o2：亨得利文革一开始就关门了，我又去了别的表店，人家说你这表又老又是名牌，怕修坏了赔不起，我就买了本修表的书，照着书上学，把表拆开了擦了点油，你看，现在走得还行。o2离开后，，目标角色是 o2,o2,0,0,0,0,0,0
1171_0009_A_132,[CLS] c1原地平转，d1走到o2面前把衣服往他鼻子面前一放，自己笑了笑。o2蹲下去扶起她：怎么了？摔哪儿了？f1：o2，你手真巧，什么都能修。此时，o2拿着两个饭盒走了过来，将其中一个给了f1。o2：你不是不爱吃饺子吗？我用电炉给你煮了碗挂面，还戳了一筷子香油。o2拿出一个手表：你托我带去北京修得手表也修好了。o2：亨得利文革一开始就关门了，我又去了别的表店，人家说你这表又老又是名牌，怕修坏了赔不起，我就买了本修表的书，照着书上学，把表拆开了擦了点油，你看，现在走得还行。o2离开后，，目标角色是 o2,o2,0,0,0,0,0,0
1171_0009_A_133,[CLS] b1：我给你介绍一下。（看着坐在钢琴前的女孩儿）这是f1，是咱们团的独唱演员。f1指了指d1上面：d1上面。座位上，b1和f1坐在一起，但f1只是用叉子叉着饺子，根本不吃。f1：o2，你手真巧，什么都能修。f1：我不想吃饺子。此时，o2拿着两个饭盒走了过来，将其中一个给了f1。f1接过手表：我说的吧，只有亨得利能修。o2离开后，b1拿过f1旁边的饺子：s2，你这饺子不吃别浪费了啊，我给他们乐队的人吃。（拿过碗走到身后的u2面前递给了他）你不是老说饺子不够吃吗，都吃了，不许剩啊！f1接过筷子：谢谢啊，目标角色是 f1,f1,0,0,0,0,0,0
1171_0009_A_134,[CLS] o2：你不是不爱吃饺子吗？我用电炉给你煮了碗挂面，还戳了一筷子香油。o2拿出一个手表：你托我带去北京修得手表也修好了。o2：亨得利文革一开始就关门了，我又去了别的表店，人家说你这表又老又是名牌，怕修坏了赔不起，我就买了本修表的书，照着书上学，把表拆开了擦了点油，你看，现在走得还行。o2离开后，b1拿过f1旁边的饺子：s2，你这饺子不吃别浪费了啊，我给他们乐队的人吃。（拿过碗走到身后的u2面前递给了他）你不是老说饺子不够吃吗，都吃了，不许剩啊！d1看了看o2的饭盒：哟，o2，你这饭盒的饺子怎么都是破的啊，目标角色是 o2,o2,0,0,0,0,0,0
1171_0009_A_139,[CLS] 此时，o2拿着两个饭盒走了过来，将其中一个给了f1。f1接过手表：我说的吧，只有亨得利能修。o2离开后，b1拿过f1旁边的饺子：s2，你这饺子不吃别浪费了啊，我给他们乐队的人吃。（拿过碗走到身后的u2面前递给了他）你不是老说饺子不够吃吗，都吃了，不许剩啊！f1接过筷子：谢谢啊！o2离开后，b1拿过f1旁边的饺子：s2，你这饺子不吃别浪费了啊，我给他们乐队的人吃。（拿过碗走到身后的u2面前递给了他）你不是老说饺子不够吃吗，都吃了，不许剩啊！f1：我宿舍有药，你跟我回宿舍拿。f1在宿舍里找了找药：哎，目标角色是 f1,f1,0,0,0,0,0,0
1171_0009_A_140,[CLS] o2：亨得利文革一开始就关门了，我又去了别的表店，人家说你这表又老又是名牌，怕修坏了赔不起，我就买了本修表的书，照着书上学，把表拆开了擦了点油，你看，现在走得还行。o2离开后，b1拿过f1旁边的饺子：s2，你这饺子不吃别浪费了啊，我给他们乐队的人吃。（拿过碗走到身后的u2面前递给了他）你不是老说饺子不够吃吗，都吃了，不许剩啊！d1看了看o2的饭盒：哟，o2，你这饭盒的饺子怎么都是破的啊！你这成吃饺子皮了。o2：我打饺子去了。o2离开后，b1拿过f1旁边的饺子：s2，你这饺子不吃别浪费了啊，目标角色是 o2,o2,0,0,0,0,0,0
1171_0009_A_131,[CLS] 此时，o2拿着两个饭盒走了过来，将其中一个给了f1。f1接过手表：我说的吧，只有亨得利能修。o2离开后，b1拿过f1旁边的饺子：s2，你这饺子不吃别浪费了啊，我给他们乐队的人吃。（拿过碗走到身后的u2面前递给了他）你不是老说饺子不够吃吗，都吃了，不许剩啊！f1接过筷子：谢谢啊！o2离开后，b1拿过f1旁边的饺子：s2，你这饺子不吃别浪费了啊，我给他们乐队的人吃。（拿过碗走到身后的u2面前递给了他）你不是老说饺子不够吃吗，都吃了，不许剩啊！f1：我宿舍有药，你跟我回宿舍拿。f1在宿舍里找了找药：哎，目标角色是 f1,f1,0,0,0,0,0,0
1171_0009_A_136,[CLS] o2离开后，b1拿过f1旁边的饺子：s2，你这饺子不吃别浪费了啊，我给他们乐队的人吃。（拿过碗走到身后的u2面前递给了他）你不是老说饺子不够吃吗，都吃了，不许剩啊！d1看了看o2的饭盒：哟，o2，你这饭盒的饺子怎么都是破的啊！你这成吃饺子皮了。o2：我打饺子去了。o2离开后，b1拿过f1旁边的饺子：s2，你这饺子不吃别浪费了啊，我给他们乐队的人吃。（拿过碗走到身后的u2面前递给了他）你不是老说饺子不够吃吗，都吃了，不许剩啊！d1看了看o2的饭盒：哟，o2，你这饭盒的饺子怎么都是破的啊！你这成吃饺子皮了，目标角色是 o2,o2,0,0,0,0,0,0
1171_0009_A_137,[CLS] d1看了看o2的饭盒：哟，o2，你这饭盒的饺子怎么都是破的啊！你这成吃饺子皮了。o2：我打饺子去了。o2离开后，b1拿过f1旁边的饺子：s2，你这饺子不吃别浪费了啊，我给他们乐队的人吃。（拿过碗走到身后的u2面前递给了他）你不是老说饺子不够吃吗，都吃了，不许剩啊！d1看了看o2的饭盒：哟，o2，你这饭盒的饺子怎么都是破的啊！你这成吃饺子皮了。o2：破饺子也得有人吃啊，我吃什么都一样。o2：又拿我开玩笑，赶紧吃饭。o2：跑哪儿去了？其他人大笑，o2赶紧跑了出去。队伍里，o2帮忙抓着那只跑出来的猪，目标角色是 o2,o2,0,0,0,0,0,0
1171_0009_A_138,[CLS] o2离开后，b1拿过f1旁边的饺子：s2，你这饺子不吃别浪费了啊，我给他们乐队的人吃。（拿过碗走到身后的u2面前递给了他）你不是老说饺子不够吃吗，都吃了，不许剩啊！o2离开后，b1拿过f1旁边的饺子：s2，你这饺子不吃别浪费了啊，我给他们乐队的人吃。（拿过碗走到身后的u2面前递给了他）你不是老说饺子不够吃吗，都吃了，不许剩啊！b1看向旁白捂着肚子作痛的x2：怎么了？b1：倒霉了？旁边一直看着的b1打断：哎，越说越离谱了啊。（把u2拉向一边）我给你擦擦，你少说两句，人家也不是故意的啊！b1拉走d1：行了，目标角色是 b1,b1,0,0,0,0,0,0
1171_0009_A_141,[CLS] （看向穿着军装的女孩儿）d1你见过了吧，她是报幕的，也是咱们宿舍舍长。f1指了指d1上面：d1上面。d1看了看o2的饭盒：哟，o2，你这饭盒的饺子怎么都是破的啊！你这成吃饺子皮了。d1看了看o2的饭盒：哟，o2，你这饭盒的饺子怎么都是破的啊！你这成吃饺子皮了。d1：p2，这下期出墙报你可得好好写写啊，什么是活雷锋，这就是活雷锋。d1正在洗碗，旁边是u2，她打开水龙头，水溅在了他的衣服上。d1：怎么了？不就溅你点儿水吗？唧唧歪歪的一点儿都不像个男的。d1：你聪明，破号吹得老冒泡儿，老得乐队陪你重练，目标角色是 d1,d1,0,0,0,0,0,0
1171_0009_A_142,[CLS] o2离开后，b1拿过f1旁边的饺子：s2，你这饺子不吃别浪费了啊，我给他们乐队的人吃。（拿过碗走到身后的u2面前递给了他）你不是老说饺子不够吃吗，都吃了，不许剩啊！d1看了看o2的饭盒：哟，o2，你这饭盒的饺子怎么都是破的啊！你这成吃饺子皮了。o2：破饺子也得有人吃啊，我吃什么都一样。o2：又拿我开玩笑，赶紧吃饭。o2：跑哪儿去了？其他人大笑，o2赶紧跑了出去。队伍里，o2帮忙抓着那只跑出来的猪。o2起身：这儿呢。f1：有毛病啊，猪跑了也要找o2。o2和b1跑了过去。o2：又打泡儿了啊，目标角色是 o2,o2,0,0,0,0,0,0
1171_0009_A_143,[CLS] f1指了指d1上面：d1上面。d1看了看o2的饭盒：哟，o2，你这饭盒的饺子怎么都是破的啊！你这成吃饺子皮了。d1看了看o2的饭盒：哟，o2，你这饭盒的饺子怎么都是破的啊！你这成吃饺子皮了。d1：p2，这下期出墙报你可得好好写写啊，什么是活雷锋，这就是活雷锋。d1正在洗碗，旁边是u2，她打开水龙头，水溅在了他的衣服上。d1：怎么了？不就溅你点儿水吗？唧唧歪歪的一点儿都不像个男的。d1：你聪明，破号吹得老冒泡儿，老得乐队陪你重练。d1把饭盆一扔：干部子弟怎么了？革命江山都是我们打下的，目标角色是 d1,d1,0,0,0,0,0,0
1171_0009_A_145,[CLS] o2离开后，b1拿过f1旁边的饺子：s2，你这饺子不吃别浪费了啊，我给他们乐队的人吃。（拿过碗走到身后的u2面前递给了他）你不是老说饺子不够吃吗，都吃了，不许剩啊！d1看了看o2的饭盒：哟，o2，你这饭盒的饺子怎么都是破的啊！你这成吃饺子皮了。o2：破饺子也得有人吃啊，我吃什么都一样。o2：又拿我开玩笑，赶紧吃饭。o2：跑哪儿去了？其他人大笑，o2赶紧跑了出去。队伍里，o2帮忙抓着那只跑出来的猪。o2起身：这儿呢。f1：有毛病啊，猪跑了也要找o2。o2和b1跑了过去。o2：又打泡儿了啊，目标角色是 o2,o2,0,0,0,0,0,0
1171_0009_A_149,[CLS] o2离开后，b1拿过f1旁边的饺子：s2，你这饺子不吃别浪费了啊，我给他们乐队的人吃。（拿过碗走到身后的u2面前递给了他）你不是老说饺子不够吃吗，都吃了，不许剩啊！d1看了看o2的饭盒：哟，o2，你这饭盒的饺子怎么都是破的啊！你这成吃饺子皮了。o2：破饺子也得有人吃啊，我吃什么都一样。o2：又拿我开玩笑，赶紧吃饭。o2：跑哪儿去了？其他人大笑，o2赶紧跑了出去。队伍里，o2帮忙抓着那只跑出来的猪。o2起身：这儿呢。f1：有毛病啊，猪跑了也要找o2。o2和b1跑了过去。o2：又打泡儿了啊，目标角色是 o2,o2,0,0,0,0,0,0
1171_0009_A_151,[CLS] o2离开后，b1拿过f1旁边的饺子：s2，你这饺子不吃别浪费了啊，我给他们乐队的人吃。（拿过碗走到身后的u2面前递给了他）你不是老说饺子不够吃吗，都吃了，不许剩啊！d1看了看o2的饭盒：哟，o2，你这饭盒的饺子怎么都是破的啊！你这成吃饺子皮了。o2：破饺子也得有人吃啊，我吃什么都一样。o2：又拿我开玩笑，赶紧吃饭。o2：跑哪儿去了？其他人大笑，o2赶紧跑了出去。队伍里，o2帮忙抓着那只跑出来的猪。o2起身：这儿呢。f1：有毛病啊，猪跑了也要找o2。o2和b1跑了过去。o2：又打泡儿了啊，目标角色是 o2,o2,0,0,0,0,0,0
1171_0009_A_153,[CLS] 一y2：谁让他是活雷锋呢，标兵那么好当啊！，目标角色是 y2,y2,0,0,0,0,0,0
1171_0009_A_154,[CLS] o2离开后，b1拿过f1旁边的饺子：s2，你这饺子不吃别浪费了啊，我给他们乐队的人吃。（拿过碗走到身后的u2面前递给了他）你不是老说饺子不够吃吗，都吃了，不许剩啊！o2离开后，b1拿过f1旁边的饺子：s2，你这饺子不吃别浪费了啊，我给他们乐队的人吃。（拿过碗走到身后的u2面前递给了他）你不是老说饺子不够吃吗，都吃了，不许剩啊！b1看向旁白捂着肚子作痛的x2：怎么了？b1：倒霉了？旁边一直看着的b1打断：哎，越说越离谱了啊。（把u2拉向一边）我给你擦擦，你少说两句，人家也不是故意的啊！b1拉走d1：行了，目标角色是 b1,b1,0,0,0,0,0,0
1171_0009_A_155,[CLS] x2也过来和他握手：你们开会的照片登报了。（大声对其他人）我这只手可不能洗了，和活雷锋握过了。b1看向旁白捂着肚子作痛的x2：怎么了？x2：肚子疼。x2点头。x2：整天学雷锋，不会谁给你悄悄洗了吧！f1：难道我产生幻觉了？不对啊，x2也可以作证啊，刚才肯定没在这儿。（敲了敲c1的床铺）你刚才拿我的军装了吗？，目标角色是 x2,x2,0,0,0,0,0,0
1171_0009_A_156,[CLS] x2也过来和他握手：你们开会的照片登报了。（大声对其他人）我这只手可不能洗了，和活雷锋握过了。b1看向旁白捂着肚子作痛的x2：怎么了？x2：肚子疼。x2点头。x2：整天学雷锋，不会谁给你悄悄洗了吧！f1：难道我产生幻觉了？不对啊，x2也可以作证啊，刚才肯定没在这儿。（敲了敲c1的床铺）你刚才拿我的军装了吗？，目标角色是 x2,x2,0,0,0,0,0,0
1171_0009_A_157,[CLS] o2离开后，b1拿过f1旁边的饺子：s2，你这饺子不吃别浪费了啊，我给他们乐队的人吃。（拿过碗走到身后的u2面前递给了他）你不是老说饺子不够吃吗，都吃了，不许剩啊！o2离开后，b1拿过f1旁边的饺子：s2，你这饺子不吃别浪费了啊，我给他们乐队的人吃。（拿过碗走到身后的u2面前递给了他）你不是老说饺子不够吃吗，都吃了，不许剩啊！b1看向旁白捂着肚子作痛的x2：怎么了？b1：倒霉了？旁边一直看着的b1打断：哎，越说越离谱了啊。（把u2拉向一边）我给你擦擦，你少说两句，人家也不是故意的啊！b1拉走d1：行了，目标角色是 b1,b1,0,0,0,0,0,0
1171_0009_A_158,[CLS] x2也过来和他握手：你们开会的照片登报了。（大声对其他人）我这只手可不能洗了，和活雷锋握过了。b1看向旁白捂着肚子作痛的x2：怎么了？x2：肚子疼。x2点头。x2：整天学雷锋，不会谁给你悄悄洗了吧！f1：难道我产生幻觉了？不对啊，x2也可以作证啊，刚才肯定没在这儿。（敲了敲c1的床铺）你刚才拿我的军装了吗？，目标角色是 x2,x2,0,0,0,0,0,0
1171_0009_A_159,[CLS] o2离开后，b1拿过f1旁边的饺子：s2，你这饺子不吃别浪费了啊，我给他们乐队的人吃。（拿过碗走到身后的u2面前递给了他）你不是老说饺子不够吃吗，都吃了，不许剩啊！f1接过筷子：谢谢啊！o2离开后，b1拿过f1旁边的饺子：s2，你这饺子不吃别浪费了啊，我给他们乐队的人吃。（拿过碗走到身后的u2面前递给了他）你不是老说饺子不够吃吗，都吃了，不许剩啊！f1：我宿舍有药，你跟我回宿舍拿。f1在宿舍里找了找药：哎！我想起来了，药在我演出服兜里呢！（看了看墙壁，挂着的军装不见了）哎，我军装呢？刚才还挂这儿呢，，目标角色是 f1,f1,0,0,0,0,0,0
1171_0010_A_160,[CLS] o2离开后，b1拿过f1旁边的饺子：s2，你这饺子不吃别浪费了啊，我给他们乐队的人吃。（拿过碗走到身后的u2面前递给了他）你不是老说饺子不够吃吗，都吃了，不许剩啊！f1：我宿舍有药，你跟我回宿舍拿。f1在宿舍里找了找药：哎！我想起来了，药在我演出服兜里呢！（看了看墙壁，挂着的军装不见了）哎，我军装呢？刚才还挂这儿呢，奇怪了。f1：有毛病啊，猪跑了也要找o2。文工团的兵穿着整齐的军装乘着车前往部队，经过照相馆的时候，d1看到照相馆的玻璃上贴着c1的军装照，她指了指那边，f1也看见了。，目标角色是 f1,f1,0,0,1,0,0,0
1171_0010_A_161,[CLS] x2也过来和他握手：你们开会的照片登报了。（大声对其他人）我这只手可不能洗了，和活雷锋握过了。b1看向旁白捂着肚子作痛的x2：怎么了？x2：肚子疼。x2点头。x2：整天学雷锋，不会谁给你悄悄洗了吧！f1：难道我产生幻觉了？不对啊，x2也可以作证啊，刚才肯定没在这儿。（敲了敲c1的床铺）你刚才拿我的军装了吗？，目标角色是 x2,x2,0,0,0,0,0,0
1171_0011_A_162,[CLS] b1画外音：c1就这样进入了我们的集体，她以为脱离了那个把她当成累赘鄙视她的家庭就可以受到尊重，她不知道，从她走进这个集体的那一天起，她就成了这个集体的一个笑话。c1拿着军装在镜子前比划了比划，若有所思。b1准备洗澡，她看了一眼c1，发现c1一直盯着墙上挂着的军装发呆。c1：p2，这里洗澡要钱吗？c1穿着军装走到了街道，街道上是宣传毛泽东思想的游行队伍。c1穿过队伍来到了一个照相馆门口。c1坐在相机前。c1回到宿舍，慌手慌脚的赶紧把军装又挂了回去。b1看向c1：你刚才怎么没去吃饭啊？，目标角色是 c1,c1,0,0,0,0,0,0
1171_0011_A_163,[CLS] o2离开后，b1拿过f1旁边的饺子：s2，你这饺子不吃别浪费了啊，我给他们乐队的人吃。（拿过碗走到身后的u2面前递给了他）你不是老说饺子不够吃吗，都吃了，不许剩啊！d1看了看o2的饭盒：哟，o2，你这饭盒的饺子怎么都是破的啊！你这成吃饺子皮了。o2：破饺子也得有人吃啊，我吃什么都一样。o2：又拿我开玩笑，赶紧吃饭。o2：跑哪儿去了？其他人大笑，o2赶紧跑了出去。队伍里，o2帮忙抓着那只跑出来的猪。o2起身：这儿呢。f1：有毛病啊，猪跑了也要找o2。o2和b1跑了过去。o2：又打泡儿了啊，目标角色是 o2,o2,0,0,0,0,0,0
1171_0009_A_147,[CLS] o2离开后，b1拿过f1旁边的饺子：s2，你这饺子不吃别浪费了啊，我给他们乐队的人吃。（拿过碗走到身后的u2面前递给了他）你不是老说饺子不够吃吗，都吃了，不许剩啊！d1看了看o2的饭盒：哟，o2，你这饭盒的饺子怎么都是破的啊！你这成吃饺子皮了。o2：破饺子也得有人吃啊，我吃什么都一样。o2：又拿我开玩笑，赶紧吃饭。o2：跑哪儿去了？其他人大笑，o2赶紧跑了出去。队伍里，o2帮忙抓着那只跑出来的猪。o2起身：这儿呢。f1：有毛病啊，猪跑了也要找o2。o2和b1跑了过去。o2：又打泡儿了啊，目标角色是 o2,o2,0,0,0,0,0,0
1171_0009_A_152,[CLS] o2离开后，b1拿过f1旁边的饺子：s2，你这饺子不吃别浪费了啊，我给他们乐队的人吃。（拿过碗走到身后的u2面前递给了他）你不是老说饺子不够吃吗，都吃了，不许剩啊！f1：我宿舍有药，你跟我回宿舍拿。f1在宿舍里找了找药：哎！我想起来了，药在我演出服兜里呢！（看了看墙壁，挂着的军装不见了）哎，我军装呢？刚才还挂这儿呢，奇怪了。f1：有毛病啊，猪跑了也要找o2。文工团的兵穿着整齐的军装乘着车前往部队，经过照相馆的时候，d1看到照相馆的玻璃上贴着c1的军装照，她指了指那边，f1也看见了。，目标角色是 f1,f1,0,0,0,1,0,0
1171_0011_A_164,[CLS] b1画外音：c1就这样进入了我们的集体，她以为脱离了那个把她当成累赘鄙视她的家庭就可以受到尊重，她不知道，从她走进这个集体的那一天起，她就成了这个集体的一个笑话。c1拿着军装在镜子前比划了比划，若有所思。b1准备洗澡，她看了一眼c1，发现c1一直盯着墙上挂着的军装发呆。c1：p2，这里洗澡要钱吗？c1穿着军装走到了街道，街道上是宣传毛泽东思想的游行队伍。c1穿过队伍来到了一个照相馆门口。c1坐在相机前。c1回到宿舍，慌手慌脚的赶紧把军装又挂了回去。b1看向c1：你刚才怎么没去吃饭啊？，目标角色是 c1,c1,0,0,0,0,0,0
1171_0012_A_165,[CLS] d1看了看o2的饭盒：哟，o2，你这饭盒的饺子怎么都是破的啊！你这成吃饺子皮了。d1看了看o2的饭盒：哟，o2，你这饭盒的饺子怎么都是破的啊！你这成吃饺子皮了。d1：p2，这下期出墙报你可得好好写写啊，什么是活雷锋，这就是活雷锋。d1正在洗碗，旁边是u2，她打开水龙头，水溅在了他的衣服上。d1：怎么了？不就溅你点儿水吗？唧唧歪歪的一点儿都不像个男的。d1：你聪明，破号吹得老冒泡儿，老得乐队陪你重练。d1把饭盆一扔：干部子弟怎么了？革命江山都是我们打下的，溅你点儿水你还……b1拉走d1：行了，目标角色是 d1,d1,0,0,0,0,0,0
1171_0012_A_166,[CLS] o2离开后，b1拿过f1旁边的饺子：s2，你这饺子不吃别浪费了啊，我给他们乐队的人吃。（拿过碗走到身后的u2面前递给了他）你不是老说饺子不够吃吗，都吃了，不许剩啊！o2离开后，b1拿过f1旁边的饺子：s2，你这饺子不吃别浪费了啊，我给他们乐队的人吃。（拿过碗走到身后的u2面前递给了他）你不是老说饺子不够吃吗，都吃了，不许剩啊！d1正在洗碗，旁边是u2，她打开水龙头，水溅在了他的衣服上。u2：有你这么洗碗的吗？u2：你溅我一身水你还有理了啊，你不就是仗着你爸爸是军区的吗？你说你拉个破手风琴，风箱都拉不稳，目标角色是 u2,u2,0,0,0,0,0,0
1171_0012_A_167,[CLS] o2离开后，b1拿过f1旁边的饺子：s2，你这饺子不吃别浪费了啊，我给他们乐队的人吃。（拿过碗走到身后的u2面前递给了他）你不是老说饺子不够吃吗，都吃了，不许剩啊！o2离开后，b1拿过f1旁边的饺子：s2，你这饺子不吃别浪费了啊，我给他们乐队的人吃。（拿过碗走到身后的u2面前递给了他）你不是老说饺子不够吃吗，都吃了，不许剩啊！d1正在洗碗，旁边是u2，她打开水龙头，水溅在了他的衣服上。u2：有你这么洗碗的吗？u2：你溅我一身水你还有理了啊，你不就是仗着你爸爸是军区的吗？你说你拉个破手风琴，风箱都拉不稳，目标角色是 u2,u2,0,0,0,1,0,0
1171_0012_A_168,[CLS] d1看了看o2的饭盒：哟，o2，你这饭盒的饺子怎么都是破的啊！你这成吃饺子皮了。d1：p2，这下期出墙报你可得好好写写啊，什么是活雷锋，这就是活雷锋。d1正在洗碗，旁边是u2，她打开水龙头，水溅在了他的衣服上。d1：怎么了？不就溅你点儿水吗？唧唧歪歪的一点儿都不像个男的。d1：你聪明，破号吹得老冒泡儿，老得乐队陪你重练。d1把饭盆一扔：干部子弟怎么了？革命江山都是我们打下的，溅你点儿水你还……b1拉走d1：行了，江山也不是你打下来的。b1正在写黑板报，d1在旁边拉手风琴。b1正在写黑板报，目标角色是 d1,d1,0,0,0,1,0,0
1171_0012_A_169,[CLS] o2离开后，b1拿过f1旁边的饺子：s2，你这饺子不吃别浪费了啊，我给他们乐队的人吃。（拿过碗走到身后的u2面前递给了他）你不是老说饺子不够吃吗，都吃了，不许剩啊！d1正在洗碗，旁边是u2，她打开水龙头，水溅在了他的衣服上。u2：有你这么洗碗的吗？u2：你溅我一身水你还有理了啊，你不就是仗着你爸爸是军区的吗？你说你拉个破手风琴，风箱都拉不稳，真够笨的。旁边一直看着的b1打断：哎，越说越离谱了啊。（把u2拉向一边）我给你擦擦，你少说两句，人家也不是故意的啊！u2：我就看不惯那干部子弟的臭毛病，目标角色是 u2,u2,0,0,0,1,0,0
1171_0012_A_170,[CLS] d1看了看o2的饭盒：哟，o2，你这饭盒的饺子怎么都是破的啊！你这成吃饺子皮了。d1：p2，这下期出墙报你可得好好写写啊，什么是活雷锋，这就是活雷锋。d1正在洗碗，旁边是u2，她打开水龙头，水溅在了他的衣服上。d1：怎么了？不就溅你点儿水吗？唧唧歪歪的一点儿都不像个男的。d1：你聪明，破号吹得老冒泡儿，老得乐队陪你重练。d1把饭盆一扔：干部子弟怎么了？革命江山都是我们打下的，溅你点儿水你还……b1拉走d1：行了，江山也不是你打下来的。b1正在写黑板报，d1在旁边拉手风琴。b1正在写黑板报，目标角色是 d1,d1,0,0,0,1,0,0
1171_0012_A_171,[CLS] o2离开后，b1拿过f1旁边的饺子：s2，你这饺子不吃别浪费了啊，我给他们乐队的人吃。（拿过碗走到身后的u2面前递给了他）你不是老说饺子不够吃吗，都吃了，不许剩啊！b1看向旁白捂着肚子作痛的x2：怎么了？b1：倒霉了？旁边一直看着的b1打断：哎，越说越离谱了啊。（把u2拉向一边）我给你擦擦，你少说两句，人家也不是故意的啊！b1拉走d1：行了，江山也不是你打下来的。b1正在写黑板报，d1在旁边拉手风琴。b1正在写黑板报，d1在旁边拉手风琴。u2离开，b1吃了口西红柿，幸福的望着u2的背影，目标角色是 b1,b1,0,0,0,0,0,0
1171_0012_A_172,[CLS] u2：有你这么洗碗的吗？u2：你溅我一身水你还有理了啊，你不就是仗着你爸爸是军区的吗？你说你拉个破手风琴，风箱都拉不稳，真够笨的。旁边一直看着的b1打断：哎，越说越离谱了啊。（把u2拉向一边）我给你擦擦，你少说两句，人家也不是故意的啊！u2：我就看不惯那干部子弟的臭毛病。u2骑着自行车走过来，递过了一个饭盒。u2：不吃拉倒，本来也不是给你带的，我是给p2的。我趁炊事班的人都去追猪从厨房顺的。u2：瞧把你给能的。u2离开，b1吃了口西红柿，幸福的望着u2的背影。u2离开，b1吃了口西红柿，目标角色是 u2,u2,0,0,0,1,0,0
1171_0012_A_173,[CLS] d1：p2，这下期出墙报你可得好好写写啊，什么是活雷锋，这就是活雷锋。d1正在洗碗，旁边是u2，她打开水龙头，水溅在了他的衣服上。d1：怎么了？不就溅你点儿水吗？唧唧歪歪的一点儿都不像个男的。d1：你聪明，破号吹得老冒泡儿，老得乐队陪你重练。d1把饭盆一扔：干部子弟怎么了？革命江山都是我们打下的，溅你点儿水你还……b1拉走d1：行了，江山也不是你打下来的。b1正在写黑板报，d1在旁边拉手风琴。b1正在写黑板报，d1在旁边拉手风琴。d1把他的胳膊推开：不吃，俩西红柿就想和好？打发谁呢？d1：不要脸，，目标角色是 d1,d1,0,0,0,1,0,0
1171_0012_A_174,[CLS] o2离开后，b1拿过f1旁边的饺子：s2，你这饺子不吃别浪费了啊，我给他们乐队的人吃。（拿过碗走到身后的u2面前递给了他）你不是老说饺子不够吃吗，都吃了，不许剩啊！b1看向旁白捂着肚子作痛的x2：怎么了？b1：倒霉了？旁边一直看着的b1打断：哎，越说越离谱了啊。（把u2拉向一边）我给你擦擦，你少说两句，人家也不是故意的啊！b1拉走d1：行了，江山也不是你打下来的。b1正在写黑板报，d1在旁边拉手风琴。b1正在写黑板报，d1在旁边拉手风琴。u2离开，b1吃了口西红柿，幸福的望着u2的背影，目标角色是 b1,b1,0,0,0,0,0,0
1171_0012_A_175,[CLS] d1正在洗碗，旁边是u2，她打开水龙头，水溅在了他的衣服上。d1：怎么了？不就溅你点儿水吗？唧唧歪歪的一点儿都不像个男的。d1：你聪明，破号吹得老冒泡儿，老得乐队陪你重练。d1把饭盆一扔：干部子弟怎么了？革命江山都是我们打下的，溅你点儿水你还……b1拉走d1：行了，江山也不是你打下来的。b1正在写黑板报，d1在旁边拉手风琴。b1正在写黑板报，d1在旁边拉手风琴。d1把他的胳膊推开：不吃，俩西红柿就想和好？打发谁呢？d1：不要脸，趁火打劫。（踹了他的自行车一脚）非检举你不可。画面切换此时已经是晚上了，目标角色是 d1,d1,0,0,0,0,0,0
1171_0013_A_176,[CLS] b1画外音：c1就这样进入了我们的集体，她以为脱离了那个把她当成累赘鄙视她的家庭就可以受到尊重，她不知道，从她走进这个集体的那一天起，她就成了这个集体的一个笑话。c1拿着军装在镜子前比划了比划，若有所思。b1准备洗澡，她看了一眼c1，发现c1一直盯着墙上挂着的军装发呆。c1：p2，这里洗澡要钱吗？c1穿着军装走到了街道，街道上是宣传毛泽东思想的游行队伍。c1穿过队伍来到了一个照相馆门口。c1坐在相机前。c1回到宿舍，慌手慌脚的赶紧把军装又挂了回去。b1看向c1：你刚才怎么没去吃饭啊？，目标角色是 c1,c1,0,0,0,0,0,0
1171_0013_A_177,[CLS] q1：看这儿，笑一个。，目标角色是 q1,q1,0,0,0,0,0,0
1171_0014_A_178,[CLS] c1拿着军装在镜子前比划了比划，若有所思。b1准备洗澡，她看了一眼c1，发现c1一直盯着墙上挂着的军装发呆。c1：p2，这里洗澡要钱吗？c1穿着军装走到了街道，街道上是宣传毛泽东思想的游行队伍。c1穿过队伍来到了一个照相馆门口。c1坐在相机前。c1回到宿舍，慌手慌脚的赶紧把军装又挂了回去。b1看向c1：你刚才怎么没去吃饭啊？c1：我刚才去买牙膏了。文工团的兵穿着整齐的军装乘着车前往部队，经过照相馆的时候，d1看到照相馆的玻璃上贴着c1的军装照，她指了指那边，f1也看见了。f1：难道我产生幻觉了？不对啊，目标角色是 c1,c1,0,0,0,0,1,0
1171_0015_A_179,[CLS] o2离开后，b1拿过f1旁边的饺子：s2，你这饺子不吃别浪费了啊，我给他们乐队的人吃。（拿过碗走到身后的u2面前递给了他）你不是老说饺子不够吃吗，都吃了，不许剩啊！b1看向旁白捂着肚子作痛的x2：怎么了？b1：倒霉了？旁边一直看着的b1打断：哎，越说越离谱了啊。（把u2拉向一边）我给你擦擦，你少说两句，人家也不是故意的啊！b1拉走d1：行了，江山也不是你打下来的。b1正在写黑板报，d1在旁边拉手风琴。b1正在写黑板报，d1在旁边拉手风琴。u2离开，b1吃了口西红柿，幸福的望着u2的背影，目标角色是 b1,b1,0,0,0,0,0,0
1171_0015_A_181,[CLS] u2：你溅我一身水你还有理了啊，你不就是仗着你爸爸是军区的吗？你说你拉个破手风琴，风箱都拉不稳，真够笨的。旁边一直看着的b1打断：哎，越说越离谱了啊。（把u2拉向一边）我给你擦擦，你少说两句，人家也不是故意的啊！u2：我就看不惯那干部子弟的臭毛病。u2骑着自行车走过来，递过了一个饭盒。u2：不吃拉倒，本来也不是给你带的，我是给p2的。我趁炊事班的人都去追猪从厨房顺的。u2：瞧把你给能的。u2离开，b1吃了口西红柿，幸福的望着u2的背影。u2离开，b1吃了口西红柿，幸福的望着u2的背影，目标角色是 u2,u2,0,0,0,0,0,0
1171_0015_A_180,[CLS] d1：怎么了？不就溅你点儿水吗？唧唧歪歪的一点儿都不像个男的。d1：你聪明，破号吹得老冒泡儿，老得乐队陪你重练。d1把饭盆一扔：干部子弟怎么了？革命江山都是我们打下的，溅你点儿水你还……b1拉走d1：行了，江山也不是你打下来的。b1正在写黑板报，d1在旁边拉手风琴。b1正在写黑板报，d1在旁边拉手风琴。d1把他的胳膊推开：不吃，俩西红柿就想和好？打发谁呢？d1：不要脸，趁火打劫。（踹了他的自行车一脚）非检举你不可。画面切换此时已经是晚上了，d1还在拉手风琴，b1吃着西红柿检查着黑板报，目标角色是 d1,d1,0,0,0,0,0,0
1171_0015_A_182,[CLS] d1：你聪明，破号吹得老冒泡儿，老得乐队陪你重练。d1把饭盆一扔：干部子弟怎么了？革命江山都是我们打下的，溅你点儿水你还……b1拉走d1：行了，江山也不是你打下来的。b1正在写黑板报，d1在旁边拉手风琴。b1正在写黑板报，d1在旁边拉手风琴。d1把他的胳膊推开：不吃，俩西红柿就想和好？打发谁呢？d1：不要脸，趁火打劫。（踹了他的自行车一脚）非检举你不可。画面切换此时已经是晚上了，d1还在拉手风琴，b1吃着西红柿检查着黑板报。文工团的兵穿着整齐的军装乘着车前往部队，经过照相馆的时候，目标角色是 d1,d1,0,0,0,1,0,0
1171_0015_A_183,[CLS] 旁边一直看着的b1打断：哎，越说越离谱了啊。（把u2拉向一边）我给你擦擦，你少说两句，人家也不是故意的啊！u2：我就看不惯那干部子弟的臭毛病。u2骑着自行车走过来，递过了一个饭盒。u2：不吃拉倒，本来也不是给你带的，我是给p2的。我趁炊事班的人都去追猪从厨房顺的。u2：瞧把你给能的。u2离开，b1吃了口西红柿，幸福的望着u2的背影。u2离开，b1吃了口西红柿，幸福的望着u2的背影。u2经过了此地：是p2吗？u2：你们舞蹈队不是在前面吗？u2：临时借调了。h3喊了一声：u2。u2敬礼，然后吹号，目标角色是 u2,u2,0,0,0,0,0,0
1171_0015_A_184,[CLS] d1把饭盆一扔：干部子弟怎么了？革命江山都是我们打下的，溅你点儿水你还……b1拉走d1：行了，江山也不是你打下来的。b1正在写黑板报，d1在旁边拉手风琴。b1正在写黑板报，d1在旁边拉手风琴。d1把他的胳膊推开：不吃，俩西红柿就想和好？打发谁呢？d1：不要脸，趁火打劫。（踹了他的自行车一脚）非检举你不可。画面切换此时已经是晚上了，d1还在拉手风琴，b1吃着西红柿检查着黑板报。文工团的兵穿着整齐的军装乘着车前往部队，经过照相馆的时候，d1看到照相馆的玻璃上贴着c1的军装照，她指了指那边，f1也看见了，目标角色是 d1,d1,0,0,0,1,0,0
1171_0015_A_185,[CLS] 旁边一直看着的b1打断：哎，越说越离谱了啊。（把u2拉向一边）我给你擦擦，你少说两句，人家也不是故意的啊！u2：我就看不惯那干部子弟的臭毛病。u2骑着自行车走过来，递过了一个饭盒。u2：不吃拉倒，本来也不是给你带的，我是给p2的。我趁炊事班的人都去追猪从厨房顺的。u2：瞧把你给能的。u2离开，b1吃了口西红柿，幸福的望着u2的背影。u2离开，b1吃了口西红柿，幸福的望着u2的背影。u2经过了此地：是p2吗？u2：你们舞蹈队不是在前面吗？u2：临时借调了。h3喊了一声：u2。u2敬礼，然后吹号，目标角色是 u2,u2,0,0,0,1,0,0
1171_0015_A_187,[CLS] 旁边一直看着的b1打断：哎，越说越离谱了啊。（把u2拉向一边）我给你擦擦，你少说两句，人家也不是故意的啊！u2：我就看不惯那干部子弟的臭毛病。u2骑着自行车走过来，递过了一个饭盒。u2：不吃拉倒，本来也不是给你带的，我是给p2的。我趁炊事班的人都去追猪从厨房顺的。u2：瞧把你给能的。u2离开，b1吃了口西红柿，幸福的望着u2的背影。u2离开，b1吃了口西红柿，幸福的望着u2的背影。u2经过了此地：是p2吗？u2：你们舞蹈队不是在前面吗？u2：临时借调了。h3喊了一声：u2。u2敬礼，然后吹号，目标角色是 u2,u2,0,0,0,0,0,0
1171_0015_A_189,[CLS] b1正在写黑板报，d1在旁边拉手风琴。b1正在写黑板报，d1在旁边拉手风琴。d1把他的胳膊推开：不吃，俩西红柿就想和好？打发谁呢？d1：不要脸，趁火打劫。（踹了他的自行车一脚）非检举你不可。画面切换此时已经是晚上了，d1还在拉手风琴，b1吃着西红柿检查着黑板报。文工团的兵穿着整齐的军装乘着车前往部队，经过照相馆的时候，d1看到照相馆的玻璃上贴着c1的军装照，她指了指那边，f1也看见了。画面切换此时已经是晚上了，d1还在拉手风琴，b1吃着西红柿检查着黑板报，目标角色是 d1,d1,0,0,0,0,0,0
1171_0016_A_195,[CLS] b1准备洗澡，她看了一眼c1，发现c1一直盯着墙上挂着的军装发呆。c1：p2，这里洗澡要钱吗？c1穿着军装走到了街道，街道上是宣传毛泽东思想的游行队伍。c1穿过队伍来到了一个照相馆门口。c1坐在相机前。c1回到宿舍，慌手慌脚的赶紧把军装又挂了回去。b1看向c1：你刚才怎么没去吃饭啊？c1：我刚才去买牙膏了。文工团的兵穿着整齐的军装乘着车前往部队，经过照相馆的时候，d1看到照相馆的玻璃上贴着c1的军装照，她指了指那边，f1也看见了。f1：难道我产生幻觉了？不对啊，x2也可以作证啊，刚才肯定没在这儿，目标角色是 c1,c1,0,0,0,0,0,0
1171_0016_A_196,[CLS] b1拉走d1：行了，江山也不是你打下来的。b1正在写黑板报，d1在旁边拉手风琴。b1正在写黑板报，d1在旁边拉手风琴。u2离开，b1吃了口西红柿，幸福的望着u2的背影。画面切换此时已经是晚上了，d1还在拉手风琴，b1吃着西红柿检查着黑板报。b1看向c1：你刚才怎么没去吃饭啊？u2离开，b1吃了口西红柿，幸福的望着u2的背影。画面切换此时已经是晚上了，d1还在拉手风琴，b1吃着西红柿检查着黑板报。b1画外音：按照c1原来的打算，照片一周取回，她借f1军装的事是不会被人知道的，但她没想到，，目标角色是 b1,b1,0,0,0,0,0,0
1171_0016_A_197,[CLS] b1准备洗澡，她看了一眼c1，发现c1一直盯着墙上挂着的军装发呆。c1：p2，这里洗澡要钱吗？c1穿着军装走到了街道，街道上是宣传毛泽东思想的游行队伍。c1穿过队伍来到了一个照相馆门口。c1坐在相机前。c1回到宿舍，慌手慌脚的赶紧把军装又挂了回去。b1看向c1：你刚才怎么没去吃饭啊？c1：我刚才去买牙膏了。文工团的兵穿着整齐的军装乘着车前往部队，经过照相馆的时候，d1看到照相馆的玻璃上贴着c1的军装照，她指了指那边，f1也看见了。f1：难道我产生幻觉了？不对啊，x2也可以作证啊，刚才肯定没在这儿，目标角色是 c1,c1,0,0,0,0,0,0
1171_0017_A_200,[CLS] f1在宿舍里找了找药：哎！我想起来了，药在我演出服兜里呢！（看了看墙壁，挂着的军装不见了）哎，我军装呢？刚才还挂这儿呢，奇怪了。f1：有毛病啊，猪跑了也要找o2。文工团的兵穿着整齐的军装乘着车前往部队，经过照相馆的时候，d1看到照相馆的玻璃上贴着c1的军装照，她指了指那边，f1也看见了。f1冲她们这边大喊：p2，你看见我演出服了吗？我演出服找不着了。f1：难道我产生幻觉了？不对啊，x2也可以作证啊，刚才肯定没在这儿。（敲了敲c1的床铺）你刚才拿我的军装了吗？b1画外音：按照c1原来的打算，照片一周取回，目标角色是 f1,f1,0,0,0,0,0,0
1171_0015_A_186,[CLS] b1正在写黑板报，d1在旁边拉手风琴。b1正在写黑板报，d1在旁边拉手风琴。u2离开，b1吃了口西红柿，幸福的望着u2的背影。画面切换此时已经是晚上了，d1还在拉手风琴，b1吃着西红柿检查着黑板报。b1看向c1：你刚才怎么没去吃饭啊？u2离开，b1吃了口西红柿，幸福的望着u2的背影。画面切换此时已经是晚上了，d1还在拉手风琴，b1吃着西红柿检查着黑板报。b1画外音：按照c1原来的打算，照片一周取回，她借f1军装的事是不会被人知道的，但她没想到，部队i3突然下了命令，让我们文工团去慰问拉练演习的部队，目标角色是 b1,b1,1,1,0,0,0,0
1171_0015_A_188,[CLS] u2离开，b1吃了口西红柿，幸福的望着u2的背影。画面切换此时已经是晚上了，d1还在拉手风琴，b1吃着西红柿检查着黑板报。b1看向c1：你刚才怎么没去吃饭啊？u2离开，b1吃了口西红柿，幸福的望着u2的背影。画面切换此时已经是晚上了，d1还在拉手风琴，b1吃着西红柿检查着黑板报。b1画外音：按照c1原来的打算，照片一周取回，她借f1军装的事是不会被人知道的，但她没想到，部队i3突然下了命令，让我们文工团去慰问拉练演习的部队，这就为后来的军装事件埋下了伏笔。o2和b1跑了过去。b1离开了，目标角色是 b1,b1,0,0,0,0,0,0
1171_0015_A_190,[CLS] f1在宿舍里找了找药：哎！我想起来了，药在我演出服兜里呢！（看了看墙壁，挂着的军装不见了）哎，我军装呢？刚才还挂这儿呢，奇怪了。f1：有毛病啊，猪跑了也要找o2。文工团的兵穿着整齐的军装乘着车前往部队，经过照相馆的时候，d1看到照相馆的玻璃上贴着c1的军装照，她指了指那边，f1也看见了。f1冲她们这边大喊：p2，你看见我演出服了吗？我演出服找不着了。f1：难道我产生幻觉了？不对啊，x2也可以作证啊，刚才肯定没在这儿。（敲了敲c1的床铺）你刚才拿我的军装了吗？b1画外音：按照c1原来的打算，照片一周取回，目标角色是 f1,f1,0,0,0,0,0,1
1171_0016_A_192,[CLS] 文工团的兵穿着整齐的军装乘着车前往部队，经过照相馆的时候，d1看到照相馆的玻璃上贴着c1的军装照，她指了指那边，f1也看见了。画面切换此时已经是晚上了，d1还在拉手风琴，b1吃着西红柿检查着黑板报。d1走进宿舍指了指墙上的军装：你衣服不在这儿挂着呢吗？一惊一乍的。文工团的兵穿着整齐的军装乘着车前往部队，经过照相馆的时候，d1看到照相馆的玻璃上贴着c1的军装照，她指了指那边，f1也看见了。d1：哟，追s2都追到这儿来了啊。有一排女兵正在打快板歌颂军人，目标角色是 d1,d1,0,0,0,0,0,0
1171_0016_A_193,[CLS] 文工团的兵穿着整齐的军装乘着车前往部队，经过照相馆的时候，d1看到照相馆的玻璃上贴着c1的军装照，她指了指那边，f1也看见了。f1冲她们这边大喊：p2，你看见我演出服了吗？我演出服找不着了。f1：难道我产生幻觉了？不对啊，x2也可以作证啊，刚才肯定没在这儿。（敲了敲c1的床铺）你刚才拿我的军装了吗？b1画外音：按照c1原来的打算，照片一周取回，她借f1军装的事是不会被人知道的，但她没想到，部队i3突然下了命令，让我们文工团去慰问拉练演习的部队，这就为后来的军装事件埋下了伏笔，目标角色是 f1,f1,0,0,0,0,0,0
1171_0016_A_194,[CLS] c1：我刚才去买牙膏了。文工团的兵穿着整齐的军装乘着车前往部队，经过照相馆的时候，d1看到照相馆的玻璃上贴着c1的军装照，她指了指那边，f1也看见了。f1：难道我产生幻觉了？不对啊，x2也可以作证啊，刚才肯定没在这儿。（敲了敲c1的床铺）你刚才拿我的军装了吗？c1：没有啊！b1画外音：按照c1原来的打算，照片一周取回，她借f1军装的事是不会被人知道的，但她没想到，部队i3突然下了命令，让我们文工团去慰问拉练演习的部队，这就为后来的军装事件埋下了伏笔。文工团的兵穿着整齐的军装乘着车前往部队，，目标角色是 c1,c1,0,0,0,0,1,0
1171_0016_A_198,[CLS] u2离开，b1吃了口西红柿，幸福的望着u2的背影。画面切换此时已经是晚上了，d1还在拉手风琴，b1吃着西红柿检查着黑板报。b1画外音：按照c1原来的打算，照片一周取回，她借f1军装的事是不会被人知道的，但她没想到，部队i3突然下了命令，让我们文工团去慰问拉练演习的部队，这就为后来的军装事件埋下了伏笔。o2和b1跑了过去。b1离开了。b1：我实在走不动了。b1：你先照顾s2，我先往前走了啊！旁边的b1拿旗子挡住了部队激起的沙尘。b1把旗子拿开笑了笑。b1：我掉队了，你怎么跟着直属队的人走啊，目标角色是 b1,b1,0,0,0,0,0,0
1171_0017_A_199,[CLS] b1画外音：按照c1原来的打算，照片一周取回，她借f1军装的事是不会被人知道的，但她没想到，部队i3突然下了命令，让我们文工团去慰问拉练演习的部队，这就为后来的军装事件埋下了伏笔。文工团的兵穿着整齐的军装乘着车前往部队，经过照相馆的时候，d1看到照相馆的玻璃上贴着c1的军装照，她指了指那边，f1也看见了。，目标角色是 c1,c1,0,0,0,0,0,0
1171_0017_A_201,[CLS] 画面切换此时已经是晚上了，d1还在拉手风琴，b1吃着西红柿检查着黑板报。d1走进宿舍指了指墙上的军装：你衣服不在这儿挂着呢吗？一惊一乍的。文工团的兵穿着整齐的军装乘着车前往部队，经过照相馆的时候，d1看到照相馆的玻璃上贴着c1的军装照，她指了指那边，f1也看见了。d1：哟，追s2都追到这儿来了啊。有一排女兵正在打快板歌颂军人，一个男摄影师给她们拍了几张照后走到了正在给军人盛汤的d1面前。d1：p2，你看见f1了吗？马上就是我们俩的节目了，我现在都没见到她人呢。，目标角色是 d1,d1,0,0,0,0,0,0
1171_0018_A_205,[CLS] 画面切换此时已经是晚上了，d1还在拉手风琴，b1吃着西红柿检查着黑板报。d1走进宿舍指了指墙上的军装：你衣服不在这儿挂着呢吗？一惊一乍的。文工团的兵穿着整齐的军装乘着车前往部队，经过照相馆的时候，d1看到照相馆的玻璃上贴着c1的军装照，她指了指那边，f1也看见了。d1：哟，追s2都追到这儿来了啊。有一排女兵正在打快板歌颂军人，一个男摄影师给她们拍了几张照后走到了正在给军人盛汤的d1面前。d1：p2，你看见f1了吗？马上就是我们俩的节目了，我现在都没见到她人呢。，目标角色是 d1,d1,0,0,0,0,0,0
1171_0018_A_208,[CLS] d1看了看o2的饭盒：哟，o2，你这饭盒的饺子怎么都是破的啊！你这成吃饺子皮了。o2：破饺子也得有人吃啊，我吃什么都一样。o2：又拿我开玩笑，赶紧吃饭。o2：跑哪儿去了？其他人大笑，o2赶紧跑了出去。队伍里，o2帮忙抓着那只跑出来的猪。o2起身：这儿呢。f1：有毛病啊，猪跑了也要找o2。o2和b1跑了过去。o2：又打泡儿了啊！o2蹲下来看了看f1脚上的泡：我给你挑了吧！o2：待会儿我背你，挑完把脓挤出来就行了。（蹲下来给f1挑泡挤脓）忍着点儿啊！f1：幸亏遇见你了o2。，目标角色是 o2,o2,0,0,0,0,0,0
1171_0018_A_209,[CLS] 画面切换此时已经是晚上了，d1还在拉手风琴，b1吃着西红柿检查着黑板报。b1画外音：按照c1原来的打算，照片一周取回，她借f1军装的事是不会被人知道的，但她没想到，部队i3突然下了命令，让我们文工团去慰问拉练演习的部队，这就为后来的军装事件埋下了伏笔。o2和b1跑了过去。b1离开了。b1：我实在走不动了。b1：你先照顾s2，我先往前走了啊！旁边的b1拿旗子挡住了部队激起的沙尘。b1把旗子拿开笑了笑。b1：我掉队了，你怎么跟着直属队的人走啊？b1抱着道具枪：q2你别傻站着啊，你帮我把这个马刀搬到上台口去，目标角色是 b1,b1,0,0,0,0,0,0
1171_0018_A_210,[CLS] d1看了看o2的饭盒：哟，o2，你这饭盒的饺子怎么都是破的啊！你这成吃饺子皮了。o2：破饺子也得有人吃啊，我吃什么都一样。o2：又拿我开玩笑，赶紧吃饭。o2：跑哪儿去了？其他人大笑，o2赶紧跑了出去。队伍里，o2帮忙抓着那只跑出来的猪。o2起身：这儿呢。f1：有毛病啊，猪跑了也要找o2。o2和b1跑了过去。o2：又打泡儿了啊！o2蹲下来看了看f1脚上的泡：我给你挑了吧！o2：待会儿我背你，挑完把脓挤出来就行了。（蹲下来给f1挑泡挤脓）忍着点儿啊！f1：幸亏遇见你了o2。，目标角色是 o2,o2,0,0,0,0,0,0
1171_0018_A_213,[CLS] 画面切换此时已经是晚上了，d1还在拉手风琴，b1吃着西红柿检查着黑板报。b1画外音：按照c1原来的打算，照片一周取回，她借f1军装的事是不会被人知道的，但她没想到，部队i3突然下了命令，让我们文工团去慰问拉练演习的部队，这就为后来的军装事件埋下了伏笔。o2和b1跑了过去。b1离开了。b1：我实在走不动了。b1：你先照顾s2，我先往前走了啊！旁边的b1拿旗子挡住了部队激起的沙尘。b1把旗子拿开笑了笑。b1：我掉队了，你怎么跟着直属队的人走啊？b1抱着道具枪：q2你别傻站着啊，你帮我把这个马刀搬到上台口去，目标角色是 b1,b1,0,0,0,0,0,0
1171_0018_A_214,[CLS] o2：破饺子也得有人吃啊，我吃什么都一样。o2：又拿我开玩笑，赶紧吃饭。o2：跑哪儿去了？其他人大笑，o2赶紧跑了出去。队伍里，o2帮忙抓着那只跑出来的猪。o2起身：这儿呢。f1：有毛病啊，猪跑了也要找o2。o2和b1跑了过去。o2：又打泡儿了啊！o2蹲下来看了看f1脚上的泡：我给你挑了吧！o2：待会儿我背你，挑完把脓挤出来就行了。（蹲下来给f1挑泡挤脓）忍着点儿啊！f1：幸亏遇见你了o2。，目标角色是 o2,o2,0,0,0,0,0,0
1171_0018_A_215,[CLS] b1画外音：按照c1原来的打算，照片一周取回，她借f1军装的事是不会被人知道的，但她没想到，部队i3突然下了命令，让我们文工团去慰问拉练演习的部队，这就为后来的军装事件埋下了伏笔。文工团的兵穿着整齐的军装乘着车前往部队，经过照相馆的时候，d1看到照相馆的玻璃上贴着c1的军装照，她指了指那边，f1也看见了。o2蹲下来看了看f1脚上的泡：我给你挑了吧！o2：待会儿我背你，挑完把脓挤出来就行了。（蹲下来给f1挑泡挤脓）忍着点儿啊！f1：幸亏遇见你了o2。另一边，f1坐在一个土堆上光着脚丫。f1：打了十一个，目标角色是 f1,f1,0,0,0,0,0,0
1171_0018_A_216,[CLS] 画面切换此时已经是晚上了，d1还在拉手风琴，b1吃着西红柿检查着黑板报。b1画外音：按照c1原来的打算，照片一周取回，她借f1军装的事是不会被人知道的，但她没想到，部队i3突然下了命令，让我们文工团去慰问拉练演习的部队，这就为后来的军装事件埋下了伏笔。o2和b1跑了过去。b1离开了。b1：我实在走不动了。b1：你先照顾s2，我先往前走了啊！旁边的b1拿旗子挡住了部队激起的沙尘。b1把旗子拿开笑了笑。b1：我掉队了，你怎么跟着直属队的人走啊？b1抱着道具枪：q2你别傻站着啊，你帮我把这个马刀搬到上台口去，目标角色是 b1,b1,0,0,0,0,0,0
1171_0018_A_217,[CLS] 其他人大笑，o2赶紧跑了出去。队伍里，o2帮忙抓着那只跑出来的猪。o2起身：这儿呢。f1：有毛病啊，猪跑了也要找o2。o2和b1跑了过去。o2：又打泡儿了啊！o2蹲下来看了看f1脚上的泡：我给你挑了吧！o2：待会儿我背你，挑完把脓挤出来就行了。（蹲下来给f1挑泡挤脓）忍着点儿啊！f1：幸亏遇见你了o2。，目标角色是 o2,o2,0,0,0,0,0,0
1171_0018_A_218,[CLS] 文工团的兵穿着整齐的军装乘着车前往部队，经过照相馆的时候，d1看到照相馆的玻璃上贴着c1的军装照，她指了指那边，f1也看见了。o2蹲下来看了看f1脚上的泡：我给你挑了吧！o2：待会儿我背你，挑完把脓挤出来就行了。（蹲下来给f1挑泡挤脓）忍着点儿啊！f1：幸亏遇见你了o2。另一边，f1坐在一个土堆上光着脚丫。f1：打了十一个，破了三个。d1：p2，你看见f1了吗？马上就是我们俩的节目了，我现在都没见到她人呢。，目标角色是 f1,f1,0,0,0,0,0,0
1171_0018_A_203,[CLS] d1走进宿舍指了指墙上的军装：你衣服不在这儿挂着呢吗？一惊一乍的。文工团的兵穿着整齐的军装乘着车前往部队，经过照相馆的时候，d1看到照相馆的玻璃上贴着c1的军装照，她指了指那边，f1也看见了。d1：哟，追s2都追到这儿来了啊。有一排女兵正在打快板歌颂军人，一个男摄影师给她们拍了几张照后走到了正在给军人盛汤的d1面前。d1：p2，你看见f1了吗？马上就是我们俩的节目了，我现在都没见到她人呢。，目标角色是 d1,d1,0,0,0,0,0,0
1171_0018_A_207,[CLS] 文工团的兵穿着整齐的军装乘着车前往部队，经过照相馆的时候，d1看到照相馆的玻璃上贴着c1的军装照，她指了指那边，f1也看见了。o2蹲下来看了看f1脚上的泡：我给你挑了吧！o2：待会儿我背你，挑完把脓挤出来就行了。（蹲下来给f1挑泡挤脓）忍着点儿啊！f1：幸亏遇见你了o2。另一边，f1坐在一个土堆上光着脚丫。f1：打了十一个，破了三个。d1：p2，你看见f1了吗？马上就是我们俩的节目了，我现在都没见到她人呢。，目标角色是 f1,f1,0,0,0,0,0,0
1171_0018_A_211,[CLS] 文工团的兵穿着整齐的军装乘着车前往部队，经过照相馆的时候，d1看到照相馆的玻璃上贴着c1的军装照，她指了指那边，f1也看见了。o2蹲下来看了看f1脚上的泡：我给你挑了吧！o2：待会儿我背你，挑完把脓挤出来就行了。（蹲下来给f1挑泡挤脓）忍着点儿啊！f1：幸亏遇见你了o2。另一边，f1坐在一个土堆上光着脚丫。f1：打了十一个，破了三个。d1：p2，你看见f1了吗？马上就是我们俩的节目了，我现在都没见到她人呢。，目标角色是 f1,f1,0,0,0,0,0,0
1171_0018_A_212,[CLS] b1画外音：按照c1原来的打算，照片一周取回，她借f1军装的事是不会被人知道的，但她没想到，部队i3突然下了命令，让我们文工团去慰问拉练演习的部队，这就为后来的军装事件埋下了伏笔。o2和b1跑了过去。b1离开了。b1：我实在走不动了。b1：你先照顾s2，我先往前走了啊！旁边的b1拿旗子挡住了部队激起的沙尘。b1把旗子拿开笑了笑。b1：我掉队了，你怎么跟着直属队的人走啊？b1抱着道具枪：q2你别傻站着啊，你帮我把这个马刀搬到上台口去。b1：哪个是上台口？，目标角色是 b1,b1,0,0,0,0,0,0
1171_0018_A_220,[CLS] b1画外音：按照c1原来的打算，照片一周取回，她借f1军装的事是不会被人知道的，但她没想到，部队i3突然下了命令，让我们文工团去慰问拉练演习的部队，这就为后来的军装事件埋下了伏笔。o2和b1跑了过去。b1离开了。b1：我实在走不动了。b1：你先照顾s2，我先往前走了啊！旁边的b1拿旗子挡住了部队激起的沙尘。b1把旗子拿开笑了笑。b1：我掉队了，你怎么跟着直属队的人走啊？b1抱着道具枪：q2你别傻站着啊，你帮我把这个马刀搬到上台口去。b1：哪个是上台口？，目标角色是 b1,b1,0,0,0,0,0,0
1171_0018_A_221,[CLS] u2骑着自行车走过来，递过了一个饭盒。u2：不吃拉倒，本来也不是给你带的，我是给p2的。我趁炊事班的人都去追猪从厨房顺的。u2：瞧把你给能的。u2离开，b1吃了口西红柿，幸福的望着u2的背影。u2离开，b1吃了口西红柿，幸福的望着u2的背影。u2经过了此地：是p2吗？u2：你们舞蹈队不是在前面吗？u2：临时借调了。h3喊了一声：u2。u2敬礼，然后吹号，部队全都停了下来。，目标角色是 u2,u2,0,0,0,0,0,0
1171_0018_A_222,[CLS] b1画外音：按照c1原来的打算，照片一周取回，她借f1军装的事是不会被人知道的，但她没想到，部队i3突然下了命令，让我们文工团去慰问拉练演习的部队，这就为后来的军装事件埋下了伏笔。o2和b1跑了过去。b1离开了。b1：我实在走不动了。b1：你先照顾s2，我先往前走了啊！旁边的b1拿旗子挡住了部队激起的沙尘。b1把旗子拿开笑了笑。b1：我掉队了，你怎么跟着直属队的人走啊？b1抱着道具枪：q2你别傻站着啊，你帮我把这个马刀搬到上台口去。b1：哪个是上台口？，目标角色是 b1,b1,0,0,0,0,0,0
1171_0018_A_223,[CLS] u2：不吃拉倒，本来也不是给你带的，我是给p2的。我趁炊事班的人都去追猪从厨房顺的。u2：瞧把你给能的。u2离开，b1吃了口西红柿，幸福的望着u2的背影。u2离开，b1吃了口西红柿，幸福的望着u2的背影。u2经过了此地：是p2吗？u2：你们舞蹈队不是在前面吗？u2：临时借调了。h3喊了一声：u2。u2敬礼，然后吹号，部队全都停了下来。，目标角色是 u2,u2,0,0,0,0,0,0
1171_0018_A_224,[CLS] b1画外音：按照c1原来的打算，照片一周取回，她借f1军装的事是不会被人知道的，但她没想到，部队i3突然下了命令，让我们文工团去慰问拉练演习的部队，这就为后来的军装事件埋下了伏笔。o2和b1跑了过去。b1离开了。b1：我实在走不动了。b1：你先照顾s2，我先往前走了啊！旁边的b1拿旗子挡住了部队激起的沙尘。b1把旗子拿开笑了笑。b1：我掉队了，你怎么跟着直属队的人走啊？b1抱着道具枪：q2你别傻站着啊，你帮我把这个马刀搬到上台口去。b1：哪个是上台口？，目标角色是 b1,b1,0,0,0,0,0,0
1171_0018_A_225,[CLS] u2：不吃拉倒，本来也不是给你带的，我是给p2的。我趁炊事班的人都去追猪从厨房顺的。u2：瞧把你给能的。u2离开，b1吃了口西红柿，幸福的望着u2的背影。u2离开，b1吃了口西红柿，幸福的望着u2的背影。u2经过了此地：是p2吗？u2：你们舞蹈队不是在前面吗？u2：临时借调了。h3喊了一声：u2。u2敬礼，然后吹号，部队全都停了下来。，目标角色是 u2,u2,0,0,0,0,0,0
1171_0018_A_226,[CLS] 分h3：我给大家伙介绍一位新同志，她叫c1，是舞蹈队托o2从北京接来的新兵。（看向c1）q2，做几个动作，给大家亮一手。o2走过来：分h3，我们俩坐了两天两夜的火车了，加上她又没活动，容易受伤。分h3看向正在脱外套准备做动作的c1：行吗？q2？分h3：很好，功力没退啊！做几个平转。分h3也蹲下来：怎么了？h3喊了一声：u2。，目标角色是 h3,h3,0,0,0,0,0,0
1171_0018_A_229,[CLS] u2：不吃拉倒，本来也不是给你带的，我是给p2的。我趁炊事班的人都去追猪从厨房顺的。u2：瞧把你给能的。u2离开，b1吃了口西红柿，幸福的望着u2的背影。u2离开，b1吃了口西红柿，幸福的望着u2的背影。u2经过了此地：是p2吗？u2：你们舞蹈队不是在前面吗？u2：临时借调了。h3喊了一声：u2。u2敬礼，然后吹号，部队全都停了下来。，目标角色是 u2,u2,0,0,0,0,0,0
1171_0020_A_233,[CLS] o2和b1跑了过去。b1离开了。b1：我实在走不动了。b1：你先照顾s2，我先往前走了啊！旁边的b1拿旗子挡住了部队激起的沙尘。b1把旗子拿开笑了笑。b1：我掉队了，你怎么跟着直属队的人走啊？b1抱着道具枪：q2你别傻站着啊，你帮我把这个马刀搬到上台口去。b1：哪个是上台口？，目标角色是 b1,b1,0,0,0,0,0,0
1171_0020_A_235,[CLS] b1离开了。b1：我实在走不动了。b1：你先照顾s2，我先往前走了啊！旁边的b1拿旗子挡住了部队激起的沙尘。b1把旗子拿开笑了笑。b1：我掉队了，你怎么跟着直属队的人走啊？b1抱着道具枪：q2你别傻站着啊，你帮我把这个马刀搬到上台口去。b1：哪个是上台口？，目标角色是 b1,b1,0,0,0,0,0,0
1171_0020_A_237,[CLS] 文工团的兵穿着整齐的军装乘着车前往部队，经过照相馆的时候，d1看到照相馆的玻璃上贴着c1的军装照，她指了指那边，f1也看见了。d1：哟，追s2都追到这儿来了啊。有一排女兵正在打快板歌颂军人，一个男摄影师给她们拍了几张照后走到了正在给军人盛汤的d1面前。d1：p2，你看见f1了吗？马上就是我们俩的节目了，我现在都没见到她人呢。，目标角色是 d1,d1,0,0,0,0,0,0
1171_0018_A_228,[CLS] 分h3：我给大家伙介绍一位新同志，她叫c1，是舞蹈队托o2从北京接来的新兵。（看向c1）q2，做几个动作，给大家亮一手。o2走过来：分h3，我们俩坐了两天两夜的火车了，加上她又没活动，容易受伤。分h3看向正在脱外套准备做动作的c1：行吗？q2？分h3：很好，功力没退啊！做几个平转。分h3也蹲下来：怎么了？h3喊了一声：u2。h3：吹号，命令部队原地休息。，目标角色是 h3,h3,0,0,0,0,0,0
